protein,dim1,dim2
Q10426,-0.783643,-0.403165
O13959,-0.823419,-0.419039
O13790,-1.36693,-0.328178
O13993,-0.48996,-0.265639
O74954,-3.33208,-1.30524
O13768,-0.702523,-0.0430476
P27574,-0.515924,-0.382101
Q09892,-1.29276,-0.770389
O94547,-0.385463,-0.0432923
Q10990,-0.920062,-0.579577
O13895,-0.501916,-0.192485
Q09760,-1.10522,-0.660871
O94354,-0.696097,-0.235004
Q9UT81,-0.786454,-0.564785
Q9P3A7,-0.677286,-0.365831
P36586,-0.237403,-0.309702
Q9UT08,-2.59809,-1.47288
O13811,-0.342571,-0.146898
O74791,-0.322285,-0.247131
Q9UTN3,-2.26013,-1.30053
Q9P7S7,-0.434918,-0.390956
O60179,-0.360556,-0.292378
P87061,-3.01192,-1.64977
Q10165,-0.222301,0.0171328
Q09699,-0.813067,-0.519589
O13788,-0.557313,-0.515121
O74964,-0.754734,-0.308953
O14113,-0.454083,-0.283582
O43071,-1.55884,-0.732319
P36629,-0.671412,-0.375514
O74476,-0.422754,-0.369381
O94560,-2.50624,-1.1702
Q9UT21,-0.433709,-0.180855
O43044,-0.977454,-0.573095
O36030,-0.695776,-0.236804
Q09748,-0.566428,-0.0543024
O43050,-0.281631,-0.285708
Q09672,-0.544082,-0.478623
O59855,-0.769059,-0.117665
Q9P7D7,-0.463151,-0.0628718
Q9UU79,-0.388303,-0.141263
O94294,-2.35447,-1.10524
Q10284,-0.520977,-0.0801466
O94235,-0.685102,-0.291312
O94751,-0.655541,-0.309319
Q9P7A0,-0.48191,-0.599971
O14008,-0.625531,-0.458846
Q9USI6,-0.947476,-0.256732
P78953,-0.836429,-0.504111
Q9UTC7,-0.38394,-0.240525
Q9P7H6,-1.05221,-0.642628
Q9UUC6,-0.452649,-0.416482
O94450,-0.504489,-0.319865
P30666,-0.733777,-0.259113
O74113,-0.680246,-0.569491
Q9UTR5,-0.725297,-0.234129
P87179,-0.7664,-0.292764
Q10197,-0.683314,-0.525676
Q09767,-0.527512,-0.320587
Q9UT00,-0.409488,-0.450767
Q09917,-0.505514,-0.194288
P14605,-0.828103,-0.537226
Q9P7K5,-0.499252,-0.461828
Q01112,-1.3463,-0.51687
Q10056,-0.595085,-0.174298
P78963,-0.562077,-0.54169
Q9USR0,-0.179608,-0.139385
O13807,-1.22893,-0.434531
Q09873,-0.426885,-0.167584
O43007,-0.459049,0.0300021
Q9P7H1,-2.45384,-1.2478
O13639,-0.4632,-0.231565
O14014,-0.397117,-0.151699
Q9P3W4,-1.26235,-0.592529
O13773,-0.430211,0.070208
Q09826,-1.29247,-0.898369
Q92351,-0.531125,-0.439906
Q9Y705,-0.968559,-0.51509
P36624,-0.899254,-0.216772
O60064,-0.595375,-0.0795007
O74484,-0.701038,-0.188558
O14301,-0.577724,-0.0221375
O13846,-0.315664,-0.280484
P48008,-0.730052,-0.0315507
P48009,-0.674013,-0.505265
Q09763,-0.418366,-0.318251
Q9UUM7,-0.470282,-0.373782
Q10271,-0.446877,-0.270397
O74957,-1.07147,-0.537238
Q09884,-0.592699,-0.301908
Q9Y7P6,-0.308259,-0.0714834
P42656,-1.00532,-0.774536
Q10325,-0.816653,-0.500085
O60127,-0.413263,-0.462804
P32586,-0.430778,-0.348057
P07527,-1.01051,-0.354199
Q9P3U0,-0.836123,-0.22968
Q10187,-0.597212,-0.572877
P87238,-0.359149,0.117954
Q9P789,-0.322936,-0.000494893
Q10338,-0.615439,-0.37742
O14227,-0.829948,-0.194853
P24339,-0.530765,-0.174827
Q9P7D2,-0.188426,-0.393909
Q10335,-0.620646,-0.405526
O00091,-0.395841,-0.141759
Q9Y709,-1.82412,-0.861829
P87051,-0.572081,-0.274289
P87126,-2.03886,-1.08555
O74966,-0.58666,-0.401964
O94614,-0.318276,-0.406301
Q09822,-1.07924,-0.221661
O14188,-1.35889,-0.550691
P12000,-0.37398,-0.130003
Q9URU2,-0.961429,-0.331478
P87324,-0.592051,-0.0966202
Q9USR4,-0.457108,-0.416022
Q09823,-1.39113,-0.672693
Q9HGN4,-0.74598,-0.100042
Q09933,-0.556025,-0.121051
Q10198,-0.704282,-0.445773
O59703,-0.832538,-0.126357
O14230,-0.590904,-0.427878
O43091,-0.585382,-0.229149
O13851,-0.73978,-0.152412
O13795,-0.233913,-0.443514
P15258,-0.498412,0.0572645
O74739,-0.763156,-0.192797
Q06182,-0.879978,-0.476567
O60165,-0.80062,-0.324373
P48010,-0.99955,-0.172681
Q09116,-0.765741,-0.258727
O94459,-0.583105,-0.294807
Q09725,-0.451565,-0.469323
P78920,-0.775231,-0.610585
P0CT69,-0.506155,-0.119784
O14277,-0.310048,-0.180332
Q09757,-0.375265,-0.350214
O74881,-0.43372,-0.478018
O13960,-0.575008,-0.18381
Q10489,-0.31189,-0.0401369
P36621,-0.569329,-0.182312
O14075,-0.526925,-0.173805
Q09736,-0.450683,-0.0259662
O59733,-0.49057,9.2558e-05
Q9USM3,-0.7926,-0.230742
O14250,-0.351163,-0.408231
P41878,-1.28235,-0.904103
P41836,-0.499642,-0.296465
Q9UTK0,-0.220374,-0.00984522
O74958,-0.487933,-0.163337
O59711,-0.386576,-0.280023
Q10425,-0.479286,-0.510946
O14370,-0.305713,-0.263957
P28748,-0.854652,-0.390948
O14232,-0.573895,-0.435943
Q09779,-0.59586,-0.0177488
P28040,-0.820453,-0.479802
Q9C107,-0.442001,-0.459153
Q10478,-0.575361,-0.141361
P87227,-1.07407,-0.583856
O42706,-0.26159,-0.22033
O74999,-0.164184,-0.290584
P05764,-0.73895,-0.459646
O74887,-0.592833,-0.221465
P0CT59,-0.408874,-0.0798181
O74836,-0.272632,-0.153576
Q09702,-0.352803,-0.136879
Q10281,-0.587482,-0.374052
P08092,-0.791974,-0.149519
Q7LKX0,-0.420952,0.00539946
Q9P6M8,-3.63724,-1.54148
Q12706,-0.705876,-0.145783
Q9P7E8,-0.215395,-0.348911
P87112,-0.475946,-0.101148
Q7LKV1,-0.672393,-0.465678
Q09695,-0.816174,-0.0968114
O42930,-0.828184,-0.625437
Q10243,-0.65151,-0.132654
O94655,-1.03039,-0.593206
O74398,-0.637354,-0.105277
Q09914,-0.915546,-0.46519
P40995,-1.09011,-0.280668
O42954,-0.371279,-0.194393
P19117,-0.422298,-0.374963
O94756,-0.528698,-0.279393
Q92349,-0.944463,-0.242409
O74409,-0.224274,-0.130401
O74772,-0.49615,-0.335768
O94494,-0.849737,-0.263968
O94716,-0.671741,-0.454767
Q9Y738,-0.875033,-0.707905
O74774,-0.751525,-0.0503838
Q9USL5,-0.695595,-0.431775
P23880,-0.37251,-0.216623
P13681,-0.619947,-0.605519
Q09690,-0.81723,-0.281188
O94600,-0.569034,-0.463704
Q9HFE8,-1.11576,-0.86023
O94397,-0.563867,-0.339649
Q10295,-0.597058,-0.224528
O14327,-1.8673,-1.01225
P0CT63,-0.391746,-0.343843
P05219,-0.47106,-0.19175
O94534,-0.486472,-0.273132
P79065,-0.760734,-0.415143
O74955,-0.454397,-0.486327
Q9P7V3,-0.857379,-0.165255
Q9P7A1,-0.293372,-0.373828
Q9Y7Y6,-0.295183,-0.349922
O14087,-0.298825,-0.216033
P36592,-1.20554,-0.451123
O59793,-1.23974,-0.686155
P49731,-0.728735,-0.334835
P40382,-0.423275,-0.225429
O14176,-0.604966,0.021084
O13829,-1.2821,-0.457452
O42901,-0.544541,-0.143656
O13712,-1.4368,-0.542542
Q9URT4,-0.85604,-0.540002
O13286,-0.64145,-0.378582
P41005,-0.889594,-0.49019
Q10360,-0.928405,-0.282185
O14013,-0.651368,-0.213976
Q12126,-0.777822,-0.498709
P36594,-0.934384,-0.746138
P40383,-0.552941,-0.185413
Q09330,-1.63199,-0.724704
Q06975,-0.4927,-0.31001
Q9HGL8,-0.421978,-0.0259662
P79016,-0.432511,-0.228823
Q9P7J8,-1.15396,-0.592944
O13696,-0.405847,-0.101228
P17609,-0.695202,-0.0519085
Q9UST4,-0.399485,-0.0912723
O60108,-0.523983,-0.369309
Q9P7R4,-0.321347,-0.174182
Q9P769,-0.266226,-0.390388
O75011,-2.29019,-1.20205
O59794,-0.448548,-0.35346
O13919,-0.578894,-0.538036
O59702,-0.724646,-0.297531
O74843,-0.493836,-0.430509
P87245,-0.616776,-0.392633
Q9P6K3,-0.277171,-0.37485
Q10411,-0.416634,-0.286153
O14098,-0.749035,-0.247783
O59748,-0.675283,-0.178048
P40380,-0.718102,-0.311546
P10815,-1.09837,-0.744966
Q02099,-0.825245,-0.438518
Q9Y7M6,-0.408697,-0.329437
O14140,-0.810819,-0.575268
O74330,-0.477245,-0.316997
O42904,-0.728129,-0.189853
Q92366,-0.632419,-0.16463
O94316,-0.580083,-0.396052
O74517,-0.888423,-0.127145
Q9UTN4,-0.504851,-0.270953
Q9UT39,-1.14132,-0.439455
Q9UTD1,-0.442511,-0.192728
O14036,-0.459582,-0.215815
P39964,-1.53355,-0.938687
O14097,-0.869883,-0.638873
P50526,-0.56155,-0.591946
P10989,-0.848823,-0.506357
P78929,-0.40515,-0.0746538
O13658,-0.259537,-0.105708
Q02061,-0.849631,-0.176501
P36615,-0.579526,-0.036178
O94684,-0.55586,-0.479021
Q10292,-0.751859,-0.490244
P87231,-0.747319,-0.292038
O36021,-0.323679,-0.232197
O13802,-0.500441,-0.417351
P87058,-0.332821,-0.30539
P08090,-0.559969,-0.173507
P87315,-0.605006,-0.0628255
O43083,-0.628485,-0.18913
O94704,-0.25387,-0.183906
Q1K9C2,-0.283345,-0.350628
P41891,-0.347484,-0.314178
P79083,-0.66431,-0.193899
O42861,-0.436705,0.00105599
P32434,-0.692066,-0.157125
O60052,-0.982734,-0.37897
Q9P7V5,-0.161395,-0.228359
Q9Y7K2,-1.17301,-0.453857
Q1MTN9,-0.610733,-0.294559
Q9Y825,-0.615875,-0.539991
Q9P7L8,-0.622094,-0.228506
Q9USZ2,-0.369755,-0.173617
P55877,-0.520536,-0.148093
O14368,-1.14411,-0.333728
Q9UUG8,-0.654793,-0.291591
O14076,-0.52858,-0.093787
Q10205,-1.44925,-0.583783
Q10202,-0.219204,-0.214187
Q9HGQ3,-0.837224,-0.168392
O14329,-0.835568,-0.26202
Q9USG6,-0.236902,-0.288222
P0CT76,-0.355185,-0.181682
O13684,-0.666085,-0.491551
P42657,-0.757881,-0.48854
Q09715,-0.536598,-0.313617
Q10344,-0.366328,-0.251941
Q9USI5,-0.531754,-0.0932816
O14044,-0.235242,-0.0974204
O74434,-0.224676,-0.237829
P40384,-0.758284,-0.533508
P40385,-0.690903,-0.0929961
P48383,-0.359146,-0.00910512
Q12704,-0.147592,-0.395126
Q09869,-0.617418,-0.34922
Q9URV9,-0.433967,0.0688496
Q10304,-0.198063,-0.322083
P05767,-0.484048,-0.0504536
P87074,-0.627727,-0.437375
Q09825,-1.60031,-0.966695
Q10109,-0.486332,-0.0437297
Q10140,-0.392537,-0.082509
O74173,-0.313168,-0.273939
O74910,-0.671789,-0.0500636
P40381,-1.14598,-0.793625
O13734,-0.661183,-0.365367
P05933,-0.828817,-0.436802
O94360,-0.491471,-0.421563
Q12702,-0.763621,-0.269956
O94395,-0.571581,-0.261845
O74405,-0.589292,-0.311828
P0CT84,-0.818514,-0.389417
Q10437,-0.608922,-0.473007
Q9P7V9,-0.814821,-0.352319
Q10099,-0.770772,-0.214797
Q09900,-0.458292,-0.0169631
Q9P3W5,-0.827272,-0.232421
Q9P7S2,-0.514451,-0.347181
Q9USJ8,-0.413282,-0.349518
O74503,-0.773234,-0.257928
O14100,-0.402096,-0.0653351
Q9P7G0,-0.456294,-0.113369
P36582,-0.578451,-0.255985
P36583,-0.568638,-0.526772
O59675,-0.410982,-0.0936172
P0CT53,-0.807308,-0.282533
O13998,-0.399528,-0.283651
P78921,-0.445278,-0.156039
P40997,-0.575696,-0.211434
O13936,-0.821611,-0.615235
O94537,-0.150544,-0.303758
Q9UTE0,-0.366702,-0.354435
O14293,-0.367513,-0.214927
Q9P7Y4,-0.51774,-0.182716
Q9HE02,-0.907375,-0.666536
P78774,-0.480098,-0.0272406
Q9UUJ1,-0.691501,-0.34119
O14201,-0.534534,0.0299263
O94584,-0.353611,-0.212104
Q02088,-0.685521,-0.18647
O14459,-1.05363,-0.317173
Q9USP6,-0.251581,-0.220276
P40375,-0.405629,0.0736736
Q10289,-0.420576,-0.0196414
O14317,-0.360126,-0.127165
P28758,-0.485038,-0.0887339
Q9UT46,-1.04259,-0.496802
P78958,-0.871267,-0.228784
Q9P3U2,-0.709059,-0.300046
P04551,-1.05776,-0.623628
O42846,-0.322964,-0.185541
P78814,-0.382892,-0.417486
Q9P7N3,-0.596862,-0.15936
Q11120,-0.927434,-0.178376
O94701,-1.18842,-0.762528
P56289,-0.383583,-0.131217
Q9UT97,-0.610237,-0.298653
Q9UUF7,-0.249471,-0.390465
Q9P7W8,-0.524333,-0.322601
Q9P7H4,-0.267229,-0.248
P23635,-0.525174,-0.316935
Q09926,-0.496493,-0.161845
P52890,-0.838322,-0.236339
O59809,-0.209154,-0.232733
P21696,-0.226893,-0.339051
O94449,-0.669338,-0.312774
O43086,-0.709099,-0.567513
O14003,-0.750442,-0.198787
O43060,-0.536956,-0.30045
Q09722,-0.888737,-0.304673
O42978,-0.893539,-0.31263
Q9UUI1,-0.547989,-0.0980158
O13940,-0.30465,0.00798824
O94269,-0.472032,-0.0728808
O94260,-0.781855,-0.310556
O74175,-0.599371,-0.35652
Q9HDX1,-0.204909,-0.139951
Q9P6P7,-0.279905,-0.0122816
Q10429,-0.668171,-0.0755332
O94361,-0.581963,-0.000441965
Q9P6M1,-0.618287,-0.238258
Q9Y7X6,-0.589458,-0.443681
O42917,-0.658825,-0.232231
Q9HFF5,-0.671583,-0.590018
P30776,-0.838236,-0.367163
O59706,-0.585398,0.032752
P41390,-0.525817,-0.2774
Q10343,-0.861738,-0.520739
P78789,-0.616722,-0.462121
Q9C100,-0.528403,-0.454621
O13898,-0.518898,-0.493982
O94489,-0.514645,-0.304158
O74309,-1.521,-0.658777
Q10105,-0.502375,0.033484
O74445,-0.682411,-0.241554
O13831,-0.373297,-0.13546
P23636,-0.435788,-0.266915
O60129,-0.499441,-0.117787
Q09196,-0.602782,-0.339311
O13651,-0.495655,0.0657394
Q9P7R0,-0.470087,-0.0323705
O74883,-0.48541,-0.0761875
O74857,-0.486718,-0.259878
O94421,-0.764027,-0.257691
Q9P7Y0,-0.618347,-0.433615
O13282,-0.689035,-0.461372
O94436,-0.922456,-0.324843
O94424,-0.431556,-0.284575
O74496,-0.312842,0.0447584
P22774,-0.395303,-0.208424
O94642,-0.694109,-0.430281
Q9P7N4,-0.635704,-0.164812
Q9P7J4,-0.143083,-0.0374672
O94697,-0.594373,-0.178178
Q09747,-0.304548,-0.353759
O74892,-0.483406,-0.380848
Q9P7Q8,-0.712547,-0.3528
O94332,-0.54033,-0.394985
Q9UST5,-0.65421,-0.129147
P0CT72,-0.425195,-0.276023
Q9P7C2,-0.453173,0.0462252
Q10242,-0.444088,-0.339838
O94407,-0.250986,-0.12259
Q9Y7U5,-0.681726,-0.250516
P23566,-0.533785,-0.218472
Q1MTQ0,-0.891949,-0.365482
P87176,-0.703142,-0.086307
Q9HDV4,-0.627258,-0.210956
O74861,-0.706641,-0.301437
O60176,-0.620459,-0.265734
Q10135,-0.811825,-0.263135
Q09908,-0.59781,-0.239144
O94629,-0.619161,-0.390421
P40376,-0.662561,-0.16242
O13688,-0.735671,-0.464066
Q6BDR8,-0.541828,-0.109701
Q4PIR3,-0.681749,-0.38031
Q9P7H8,-0.347614,-0.364012
Q9UUB6,-1.48258,-0.473288
O42897,-0.578566,-0.294287
Q10361,-0.746097,-0.353687
Q9UTH0,-0.551118,-0.345685
Q10331,-0.894079,-0.625003
O74871,-0.570656,-0.138242
O59790,-1.25276,-0.607413
O14079,-0.245497,-0.275911
P50527,-0.720529,-0.368029
P40996,-0.784002,-0.0973636
O74653,-0.526901,-0.395161
P53694,-0.78699,-0.336807
Q9Y7Z5,-0.695255,-0.374024
O74381,-0.474925,-0.0659342
Q9HFR0,-0.648612,-0.368943
Q9P380,-0.337494,-0.0530963
P00046,-0.269574,-0.320896
Q9HE05,-0.610893,-0.308573
Q09738,-0.553745,-0.476454
P87152,-0.973694,-0.213014
O60171,-0.313562,-0.219796
Q10103,-0.951841,-0.428291
O94659,-0.267125,-0.313639
P78810,-0.261324,-0.207753
O94567,-0.441747,-0.234694
O60060,-0.402189,-0.339076
O74856,-0.595688,-0.291545
P36603,-0.730434,-0.461897
O13842,-0.588467,-0.382156
O60053,-0.33692,-0.355305
O13637,-0.746261,-0.526003
O94319,-0.794528,-0.213129
O13839,-0.583201,-0.400648
O59755,-0.657179,-0.248562
Q09150,-0.631993,-0.350465
P87309,-0.64622,-0.183254
Q10318,-0.228535,-0.220786
P04688,-0.63272,-0.486228
O14290,-0.363398,-0.122097
Q09171,-0.308138,-0.19167
O74391,-0.38652,-0.0290014
P40232,-0.387259,-0.170271
O43065,-0.130522,-0.404338
O74446,-0.50919,-0.307596
O94531,-0.469887,-0.134899
O59678,-0.644665,-0.36974
P78859,-0.408437,-0.256761
Q8WZK2,-0.467627,-0.0302705
O74352,-0.412556,-0.394719
O14217,-0.761227,-0.258762
Q9UUD6,-0.599934,-0.194423
Q9URT9,-0.297116,0.0728133
P40235,-0.509984,-0.153841
O13685,-0.687799,-0.359176
O74983,-0.769674,-0.221041
O13787,-0.512733,-0.31337
O14164,-0.307208,-0.409636
O14122,-0.702281,-0.465447
O74560,-0.665554,-0.608235
O94552,-0.279708,-0.284088
O14027,-0.681393,-0.656685
O43085,-1.44888,-0.430046
O42914,-0.45159,-0.046729
O42709,-1.00868,-0.413048
Q9P7S4,-0.316126,0.0170071
P09627,-0.414924,-0.321489
O14126,-0.692859,-0.283209
P20772,-0.503614,-0.153584
O94488,-0.747265,-0.558263
O14157,-0.813912,-0.276946
O74756,-0.737274,-0.354735
O13791,-0.279129,-0.23481
P0CT55,-0.501406,-0.412755
Q10193,-0.327823,-0.338889
Q10172,-0.299001,-0.269221
O14302,-0.929602,-0.782459
Q10280,-0.327129,0.0856679
Q10179,-0.462156,-0.114434
P22068,-0.382382,-0.282128
C6Y4C2,-0.421878,-0.2567
O13852,-0.609139,-0.0591191
Q96TL7,-0.941636,-0.613042
P79005,-0.804809,-0.0986664
O42851,-0.706659,-0.442626
O94325,-0.705452,-0.396668
Q9USX4,-0.166489,-0.190518
P79071,-0.471086,-0.0774547
Q9Y7M4,-0.534806,-0.49724
P07334,-0.84722,-0.497339
P87050,-0.469465,-0.341045
Q7LL22,-0.583867,-0.0469438
O14072,-0.527615,-0.0474535
P49777,-0.602721,-0.456065
Q9USY4,-0.528178,-0.155744
Q9USH1,-0.472752,-0.0977511
O60104,-1.24984,-0.918816
O13958,-0.625334,-0.366805
O14160,-0.346448,-0.166338
Q9C0X6,-0.560537,-0.256404
P21135,-1.02569,-0.416783
P18296,-0.549192,-0.181353
O74627,-0.833825,-0.315813
Q9HDY1,-0.541054,-0.576855
O42938,-0.261031,-0.190901
O60101,-0.394859,-0.444332
Q1MTS0,-0.356182,-0.193718
P78795,-0.442373,-0.331537
O94268,-0.277816,-0.092584
O14388,-0.472449,-0.203858
O59865,-0.194892,-0.134936
Q9C0Z7,-0.601169,0.0448524
Q9P4W7,-0.437902,-0.217124
O74358,-0.904673,-0.443951
O60128,-0.518382,-0.199478
Q10192,-0.631863,-0.199076
O43052,-0.456381,-0.485675
Q9Y704,-0.461307,-0.298278
Q9HGP8,-0.350317,0.0363365
O94413,-0.178559,-0.247948
O13877,-0.398812,-0.482821
Q9USP7,-0.59359,-0.0987474
P62505,-0.739882,-0.384169
P87297,-0.896061,-0.358506
Q9C103,-0.52294,-0.266061
O74374,-0.403415,-0.23653
Q9UUI2,-0.617748,-0.129301
O74563,-0.721138,-0.45779
P36614,-0.442061,-0.250441
O59825,-0.263231,-0.000612694
O13782,-0.679476,-0.0832238
O42947,-0.141886,-0.1556
P40372,-0.3778,-0.376366
Q92376,-0.630635,-0.163768
Q9USQ2,-0.70623,-0.405176
O14417,-0.918218,-0.31216
Q96WV5,-0.595214,-0.0580343
O59780,-0.252118,-0.0998657
O14318,-0.797756,-0.31053
P14068,-0.706748,-0.183819
Q9URY2,-0.654834,-0.272683
Q9UTD3,-0.541224,-0.139497
Q9P6P8,-0.768711,-0.156068
O13298,-0.719879,-0.488547
O74845,-0.848044,-0.111755
Q10238,-0.355628,-0.123092
Q10447,-0.487575,-0.276375
Q92365,-0.259435,-0.262721
P35679,-0.541531,-0.0946048
Q09948,-0.542782,-0.0898894
Q9UTN6,-0.614897,-0.586904
Q92356,-0.308293,-0.312199
O42918,-0.321961,-0.211888
Q9UTT2,-0.679401,-0.146285
O59800,-0.608753,-0.208782
O60137,-0.558037,-0.509716
O74508,-0.909926,-0.205965
Q10321,-0.815281,-0.470863
C6Y4C9,-0.6522,-0.316095
P41411,-0.807364,-0.518071
P48003,-0.568705,-0.437026
Q9UT79,-0.880757,-0.37965
O94620,-0.507569,-0.271143
Q09685,-0.900668,-0.44492
Q9USZ6,-0.196917,-0.368274
O42943,-0.28699,-0.151262
Q9USX3,-0.69246,-0.219342
O94290,-0.298852,-0.210481
Q9UTM0,-0.284756,-0.138646
P09988,-0.876749,-0.240047
Q9UTC6,-0.775387,-0.42887
O14470,-0.476552,-0.312855
O94522,-0.661859,-0.396496
Q9P7S3,-0.657533,-0.221395
O14161,-0.329126,-0.345625
Q9UT23,-0.366691,0.0922968
O94698,-0.502803,-0.00774118
Q9UUC1,-0.266875,-0.426354
Q9P795,-1.35398,-0.595441
P04913,-1.03088,-0.177198
O94441,-0.29966,-0.0404963
O74499,-0.749908,-0.372194
O59836,-0.834707,-0.420292
P50582,-0.778389,-0.37021
P32372,-1.20324,-0.248356
Q9HGM3,-0.253583,-0.207291
Q9USX1,-0.409847,-0.429515
P26306,-0.893654,-0.549015
P32587,-0.424979,-0.235986
Q10287,-0.837723,-0.355132
O74360,-0.438405,-0.400933
P36613,-0.576161,-0.373596
O13614,-0.248522,0.100783
O42935,-0.380494,-0.0240431
Q5FC18,-0.413316,-0.220043
O94301,-0.931008,-0.325981
Q9USU7,-0.424416,-0.277342
Q10101,-0.61585,-0.111531
P40231,-1.09891,-0.493
P87320,-0.33546,-0.454786
Q09688,-0.350986,0.0347304
O13834,-0.444666,-0.0673236
O94495,-0.499444,-0.1891
O74511,-1.39725,-0.734208
O94556,-0.679812,-0.494601
P78972,-0.571387,-0.265442
O74740,-0.600852,-0.190356
O13794,-1.13264,-0.539768
O14011,-1.66697,-0.630915
O94307,-0.577212,-0.33841
P10506,-0.9348,-0.482627
O13702,-0.2953,-0.291307
P87119,-0.424668,-0.167639
Q10475,-0.422075,-0.292854
Q10232,-0.239224,-0.0116551
Q09883,-0.573106,-0.402118
P41887,-0.839313,-0.490508
Q09750,-0.338356,-0.30946
O42937,-0.433099,-0.00309788
P87140,-0.492868,-0.10896
O74944,-0.558338,-0.178783
P78955,-0.851912,-0.241065
P50998,-1.22347,-0.428329
O14174,-0.541036,-0.0652068
O94513,-0.767278,-0.516007
Q9Y7R3,-0.837242,-0.0790644
O43068,-0.702415,-0.124193
Q9HGP5,-0.60535,-0.328381
Q10434,-0.739596,-0.157862
Q12381,-1.42457,-0.551113
O14187,-0.598998,-0.27667
P87242,-0.762965,-0.232501
Q9HE06,-0.421914,-0.337371
Q09755,-0.43265,-0.14613
Q9P4W9,-0.311983,-0.122654
P0C8R3,-0.268914,-0.0535953
P41892,-0.799849,-0.514296
O60187,-0.503635,-0.548955
O14063,-0.457405,-0.2419
Q10237,-0.589569,-0.360551
O74814,-0.82713,-0.222211
Q09842,-0.826992,-0.416199
O14240,-0.837684,-0.0847286
Q09813,-0.640061,-0.267983
O94658,-0.595644,-0.0992343
P87144,-0.360234,-0.252901
O74960,-0.520488,-0.22627
O42869,-0.513153,-0.444698
Q09898,-0.948819,-0.585809
O74319,-0.870134,-0.409089
P56523,-0.725116,-0.313288
O74990,-0.638342,-0.212767
O60065,-0.760151,-0.190615
O42839,-0.926088,-0.484554
O94446,-0.916086,-0.671926
Q09838,-0.378381,-0.316997
Q9Y7U6,-0.800452,-0.150021
Q9USU9,-0.304342,0.029729
Q10276,-0.312018,-0.104173
O74473,-0.795393,-0.631314
O13290,-0.763665,-0.257101
Q9Y7J9,-0.586086,0.0565008
P50999,-0.599483,-0.146677
O14092,-0.233205,-0.327699
Q9URX6,-0.408822,-0.169712
O13370,-0.758576,-0.408209
Q9HE04,-0.474819,0.0123606
P08647,-0.508096,-0.0762935
O13889,-0.596169,-0.564854
P56286,-0.769416,-0.0592844
P37202,-1.39206,-0.422464
O60124,-0.555022,-0.126099
P40847,-0.437415,-0.410308
P41412,-0.880244,-0.274115
Q9UUI3,-0.434123,-0.229031
O94643,-1.00884,-0.345422
Q09793,-0.320117,-0.132214
O13453,-0.758307,-0.00932741
Q10156,-0.446841,-0.479951
O14285,-0.63736,-0.307123
O94387,-0.209662,-0.0713207
O60155,-0.178023,-0.197533
Q9Y800,-0.389804,-0.325507
Q09756,-0.43588,-0.406084
Q10414,-0.272779,-0.316115
Q10349,-0.469259,-0.00590236
O74824,-0.966746,-0.267688
O74544,-0.617299,-0.42824
Q9C0Z9,-0.283211,-0.428264
O94285,-0.545194,-0.422023
Q10482,-0.499859,-0.303741
Q04665,-0.835199,-0.724016
O42991,-0.368285,-0.027293
O74331,-0.723128,-0.339507
Q9UUL2,-0.502962,-0.25842
O14185,-0.491867,-0.557559
P47979,-1.45525,-0.696701
O60058,-0.597035,-0.306704
O59945,-0.487101,-0.371988
Q9P546,-0.575191,-0.4967
P32390,-0.904045,-0.436423
Q9UTQ7,-0.545597,-0.409203
O14369,-0.14553,-0.166242
O94476,-0.422291,0.0852753
Q8X1T0,-0.255788,-0.438134
O36028,-0.478564,-0.252667
Q9URV0,-0.239966,0.0123903
O42971,-0.52766,-0.344475
P10505,-0.682083,-0.206847
Q10235,-0.703998,-0.319654
P04689,-0.833137,-0.458205
O59757,-0.70895,-0.566464
Q9UUA2,-0.437063,-0.244994
Q03392,-1.04658,-0.675564
Q01475,-0.560322,-0.123992
O94334,-0.467509,-0.107251
O14019,-0.25528,-0.139617
Q10362,-0.606639,-0.432277
O74928,-0.452947,-0.0951446
P36600,-0.718438,-0.237869
P25295,-0.832167,-0.285373
O43017,-0.928875,-0.285027
O74994,-0.475959,-0.32241
Q9UUG5,-0.521517,-0.454254
Q10147,-0.346515,-0.300128
O13615,-0.563907,-0.428959
O94668,-0.782614,-0.344373
P36612,-0.685798,-0.409105
O14243,-0.556512,-0.136317
P08463,-0.380818,-0.295759
Q9UTI8,-0.56609,-0.229818
O94365,-0.0942871,-0.317385
O74864,-0.35711,-0.390714
P36579,-0.319365,-0.0402508
Q9UTG4,-0.458922,-0.169206
O13823,-0.559619,-0.350259
O74919,-0.743356,-0.429587
Q09720,-0.579005,-0.266563
Q9USQ9,-0.293151,-0.396602
O14193,-0.255219,-0.430154
O94565,-0.346252,-0.315432
P78831,-0.347568,-0.147051
O74986,-0.534551,-0.457862
O43070,-0.664995,-0.428822
Q9US25,-0.484157,-0.482678
Q9USM4,-0.374879,-0.359897
Q10163,-0.39514,-0.31796
P06652,-0.702175,-0.178527
Q9USP0,-0.424303,-0.0745137
O74854,-0.459944,-0.24732
O74904,-0.559394,-0.0936879
Q9UTC3,-0.790538,-0.227002
Q96WV9,-0.823194,-0.492058
P30821,-0.608278,-0.318821
P0CS87,-0.495152,-0.141342
Q10173,-0.829124,-0.422127
Q09877,-0.384329,-0.0202425
Q10322,-1.12971,-0.525478
O14198,-0.635709,-0.358571
Q10477,-0.817426,-0.458663
Q10443,-0.543512,-0.308981
Q09733,-0.606975,-0.373041
O13648,-0.569115,-0.413929
P0CT61,-0.317879,-0.0402903
P36623,-0.594612,-0.061695
O13801,-0.390562,-0.215649
O14236,-0.36993,-0.0196764
O74805,-0.595913,-0.260488
Q9Y7Z8,-1.03728,-0.43465
O36027,-0.863479,-0.209235
Q9Y826,-0.212106,-0.444101
Q09174,-0.348536,-0.24887
P87314,-0.562746,-0.376785
Q9USV1,-0.633523,-0.357213
O42634,-0.788421,-0.215482
O43120,-0.65181,-0.437051
O74803,-0.750172,-0.517955
Q10428,-0.589282,-0.411006
Q9P7L5,-0.485172,-0.206791
O13972,-0.374344,-0.298879
O60164,-0.286559,-0.356645
Q09916,-0.111528,-0.286967
O74436,-0.414441,-0.0853313
Q10253,-0.618633,-0.390468
Q10274,-0.561637,-0.173675
O60079,-0.529386,-0.0779061
P31411,-0.314372,-0.346186
O14269,-0.181949,-0.215858
O14210,-0.237998,-0.275178
O59744,-0.162194,0.0965143
Q96WW3,-0.283842,0.00344937
O14064,-0.65859,-0.330314
P22987,-0.314593,-0.329505
O13971,-0.0973847,-0.129017
Q9UTE6,-0.405648,-0.160122
Q09824,-0.485831,-0.21978
Q09790,-0.623468,-0.348137
O42998,-0.75235,-0.461908
Q9HFE5,-0.386779,-0.43881
P87158,-0.342903,-0.157627
P78937,-0.410658,-0.383086
O42936,-0.65502,-0.424699
Q10272,-0.888633,-0.522133
O13910,-0.306945,-0.306995
O94692,-0.602108,-0.145128
O74417,-0.261475,-0.271219
O42699,-0.360643,-0.024464
P40370,-0.478549,-0.427594
O14048,-0.640544,-0.292938
Q92398,-0.789827,-0.237912
O60126,-0.52714,-0.260528
O94451,-0.704828,-0.652136
P07799,-0.458269,-0.162673
P87153,-0.248277,-0.398193
O94501,-0.448217,-0.220815
P50531,-0.831843,-0.580415
Q09843,-0.545608,-0.22545
Q9UTE8,-0.421043,-0.155349
O14148,-0.856551,-0.187334
O60097,-0.517472,-0.165234
Q9USW9,-0.676961,-0.02131
O14259,-0.58667,-0.401506
O60139,-0.641571,-0.243637
O74766,-0.363238,-0.0382106
Q10063,-0.810142,-0.160172
Q09711,-0.69932,-0.443601
P53692,-0.431957,-0.427384
O13710,-0.926248,-0.258249
Q9USR9,-0.668792,-0.402201
P41004,-0.749099,-0.292199
P87048,-0.860454,-0.289086
Q92353,-0.791096,-0.247344
Q09752,-0.337641,-0.118453
O74796,-0.587893,-0.0382647
Q9P7C8,-0.412991,-0.12348
Q9UTK6,-0.414799,-0.188963
Q9HDV6,-0.714116,-0.415808
Q9UU88,-0.697548,-0.129694
P22193,-0.872337,-0.255173
Q10159,-0.918372,-0.216973
O13731,-0.201913,-0.00928379
O94415,-0.343318,-0.126541
O94486,-0.364406,-0.30396
Q9UU83,-0.492494,-0.158705
Q9HGM9,-0.268752,-0.14479
O14053,-0.466112,-0.0181214
Q9USP9,-0.256349,-0.273674
P41838,-0.680174,-0.410078
Q9USK5,-0.58398,-0.0226102
O94511,-0.418482,-0.0103541
O14062,-0.286824,-0.268449
Q09849,-0.630075,-0.435065
O13955,-0.43297,-0.133121
O13849,-0.22031,-0.0641159
O42872,-0.72624,-0.124971
Q10319,-0.403961,0.083526
Q10064,-1.46854,-0.392527
O94652,-0.581567,-0.58167
Q09847,-0.725017,-0.473422
O42852,-0.740056,-0.397233
Q9C0W8,-0.76448,-0.248985
Q9HGK2,-0.475072,-0.289463
Q09739,-0.768999,-0.317847
Q9US03,-0.509105,-0.370417
O42885,-0.403373,-0.347757
O13991,-0.385542,-0.270196
Q9UTE2,-0.49064,-0.342114
O14289,-0.233759,-0.256268
Q9P784,-0.528149,-0.286411
Q9Y805,-0.295656,-0.330726
Q9USZ3,-0.555223,-0.192067
O94278,-0.235722,-0.138791
O94744,-0.572986,-0.396449
O13939,-0.855242,-0.104097
O42651,-0.561946,-0.585223
O94553,-0.0875957,-0.360977
Q9HDW0,-0.464416,0.0457978
Q9P7Y9,-0.689885,-0.312422
Q9US09,-0.593852,-0.287516
O14284,-0.405508,-0.161287
O60100,-0.513814,-0.138457
Q9UUE5,-0.506155,-0.502585
O74834,-0.399665,-0.0631951
O59773,-0.549417,-0.357658
Q9P7X7,-0.667695,-0.481594
Q9UST6,-0.53614,-0.543849
Q9HE16,-0.140755,-0.288845
Q10180,-0.242725,-0.281632
O94444,-0.71475,-0.480448
Q9USU3,-0.35761,-0.0801678
O74903,-0.479583,-0.269043
P34208,-0.908172,-0.330208
P38938,-0.302504,-0.261314
O94646,-1.0019,-0.772113
P87306,-0.539925,-0.280349
P87310,-0.535696,-0.267723
O13966,-0.433102,-0.129748
P87312,-0.597633,-0.234055
O59866,-0.198403,-0.424432
P78812,-0.253455,-0.369301
Q09704,-0.536931,-0.0177176
Q9UT10,-0.736964,-0.00205832
O94238,-0.414937,-0.15242
O94579,-0.446322,-0.415551
Q9UTE5,-0.532716,-0.00354346
O74366,-0.502902,-0.244819
P87303,-1.07476,-0.462337
O74995,-0.730143,-0.307177
O42870,-0.234155,-0.0930902
Q9UT35,-0.389471,0.0753839
Q9Y806,-0.390738,-0.246086
Q9P6I7,-0.287478,0.0803208
Q10412,-0.190434,-0.354528
Q9UUI4,-0.394828,-0.10656
O14246,-0.830654,-0.149627
O13988,-0.788181,-0.337697
Q9UTI3,-0.712901,-0.536316
O74985,-0.804105,-0.53452
Q9UT25,-0.491015,-0.0736743
Q9P544,-0.449402,-0.0500226
Q9UR39,-0.466192,-0.161219
Q10215,-0.159216,-0.00895372
P0CT57,-0.64304,-0.00352708
Q9USH9,-0.115931,-0.0115989
P30316,-0.519437,-0.240606
Q9USQ1,-0.713987,-0.0938101
O74135,-0.347167,-0.13917
Q9HDU3,-0.272346,-0.152657
O14228,-0.474409,-0.0676232
Q09173,-0.347588,-0.293261
Q10218,-0.587067,-0.276912
O74184,-0.680689,-0.152566
O43051,-0.207488,-0.405505
Q9URM2,-0.350991,-0.0556677
P0CU08,-0.475242,-0.533271
Q09808,-0.827688,-0.284413
P87167,-0.73478,-0.244968
O42666,-0.670689,-0.116488
Q09765,-0.694369,-0.397159
Q10213,-0.837798,-0.172757
O13600,-0.901204,-0.498073
Q9Y7U7,-0.480811,-0.226654
Q10222,-0.354341,-0.0468116
Q9P7X8,-0.565606,-0.341962
O94263,-0.952873,-0.134257
P36587,-0.447103,0.0275756
Q9P7T4,-0.583257,-0.604594
Q09170,-0.800459,-0.671044
O74844,-0.48612,-0.466263
Q92367,-0.441779,-0.0662639
O42659,-0.626098,-0.15002
O74736,-0.327172,-0.323003
O43059,-0.707899,-0.0746165
Q9UQW9,-0.23727,-0.174782
P36622,-0.734077,-0.316722
O13878,-0.342315,-0.00683916
O74472,-0.180047,-0.011699
Q10585,-0.705737,-0.132422
O13779,-0.225523,-0.209788
Q10171,-0.523437,-0.200086
O14399,-0.845625,-0.265958
O13612,-0.529634,-0.289314
O74470,-0.45779,-0.0160405
O14102,-0.416664,-0.489923
O13903,-0.41766,-0.282006
O59821,-0.589529,-0.376751
P39750,-0.441205,-0.235652
P30261,-0.72623,-0.619617
O13665,-0.499857,-0.0450592
O14139,-0.285484,-0.199458
P36598,-0.364861,-0.0897287
O14018,-0.39904,-0.234457
Q9P7R3,-0.653086,7.47498e-05
Q9UUH3,-0.46463,-0.193743
O13894,-0.179722,-0.328682
P40388,-0.424113,-0.151707
P09202,-0.252244,-0.438449
Q9UUJ6,-0.569989,-0.265119
Q10146,-0.651933,-0.379712
P05752,-0.296203,-0.226061
Q9UUC7,-0.66951,-0.250529
O94282,-0.620808,-0.223154
O74329,-0.351887,-0.0696174
Q10330,-0.374283,-0.334706
P87056,-0.572924,0.0369644
P0CT78,-0.575178,-0.0256402
O74555,-0.400897,-0.0174643
O74452,-0.373232,-0.328186
O94465,-0.11186,-0.29849
Q10169,-0.763867,-0.12732
O74552,-0.681127,-0.103904
O94383,-0.620556,-0.3813
O14156,-0.4003,-0.404597
O74442,-0.362645,-0.104363
O94666,-0.223213,-0.230762
Q10407,-0.720984,-0.408768
Q10317,-0.727088,-0.0553981
Q9HDX9,-0.551905,-0.392592
P79015,-0.542312,-0.218837
Q9Y7L8,-0.378408,-0.460279
Q53EK2,-0.871949,-0.673237
P27638,-0.600769,-0.104763
Q92370,-0.261043,-0.204526
P0CU17,-0.965137,-0.237161
Q9HDY2,-0.294052,-0.146751
Q9P6L5,-0.741413,-0.25112
Q9UT56,-0.342462,-0.19346
O74538,-0.425464,-0.030495
Q9UTF7,-0.573868,0.0203485
Q9USZ8,-0.310596,-0.322596
O43114,-0.519207,-0.239345
O14261,-1.14765,-0.315353
O74760,-0.644967,-0.116835
Q10223,-0.840163,-0.500513
Q92374,-0.12553,-0.308829
Q9P6R2,-0.533047,-0.0647934
O74354,-0.489006,-0.284481
O74465,-0.608503,-0.258103
O13953,-0.709128,-0.269096
P36585,-0.37932,-0.382148
O94603,-0.475418,-0.452721
O42934,-0.774249,-0.45228
O60016,-0.721764,-0.387911
O74835,-0.274227,-0.0949861
O42905,-0.546969,-0.476828
Q92372,-0.375258,-0.401048
O13800,-0.57691,-0.393448
Q9UTJ8,-0.646441,-0.126745
Q09683,-0.868575,-0.169816
P0CH07,-0.426444,-0.110074
P0CG72,-0.978734,-0.751779
O94289,-0.519288,-0.21115
P78946,-0.369366,-0.412989
O14049,-0.508297,-0.0689639
O74918,-0.716612,-0.0514545
Q9UUM2,-0.727096,-0.377371
O14350,-0.418389,-0.278879
O60153,-0.388303,-0.190285
Q9P794,-0.523831,0.0013312
O59816,-0.225066,-0.0821951
O42643,-0.55967,-0.358784
O74518,-0.400005,-0.349178
O94717,-0.59704,-0.466552
Q09100,-0.304341,-0.266145
O13792,-0.523926,-0.485244
O74905,-0.294481,-0.330109
Q9UTQ6,-0.366474,-0.257803
O74454,-0.156646,-0.296778
Q10265,-0.661541,-0.0378649
O94688,-0.647719,-0.527886
Q9P7X2,-0.406762,-0.286407
O14026,-0.403544,-0.148688
O13762,-0.782012,-0.407119
O60177,-0.501232,-0.300451
O94423,-0.57824,-0.0589766
O60055,-0.280098,-0.299892
Q9UTI4,-0.506533,-0.312047
Q10277,-0.272095,-0.0399752
O43030,-0.39908,-0.345785
Q9UQW6,-0.364659,-0.0830477
O74895,-0.361411,-0.119114
Q09772,-0.52862,-0.433719
Q9US07,-0.638085,-0.118085
Q9HEQ9,-0.273911,-0.29254
Q09177,-0.606317,-0.136449
P08965,-0.608437,-0.393225
P87141,-0.624751,-0.386526
Q10057,-0.357145,-0.208753
Q09694,-0.602382,-0.220674
Q9P3T8,-0.713345,-0.528146
O14344,-0.173221,-0.367569
Q10077,-0.790925,-0.179014
O94691,-0.540994,-0.328704
O42980,-0.654735,-0.152294
Q10270,-0.337592,-0.158665
Q9UTM4,-0.39298,-0.201712
O42893,-0.680958,-0.326535
P40387,-0.714244,-0.337
P41889,-0.718542,-0.314337
O43058,-0.499391,-0.452282
P56329,-0.368343,-0.165966
P35551,-0.405649,-0.250312
O13907,-0.288693,-0.335173
Q9UTB8,-0.466595,-0.167325
Q9USR7,-0.459791,-0.111791
Q10324,-0.730534,-0.203558
O74562,-1.126,-0.263317
Q9Y7Q2,-0.920047,-0.176585
O59827,-0.519012,-0.562803
Q9Y802,-0.974707,-0.157477
P17608,-0.825432,-0.408455
O42656,-0.633795,-0.192146
O60130,-0.178446,-0.305059
Q9US05,-0.366301,-0.271359
Q9URZ5,-0.27855,-0.146078
Q9P780,-0.717645,-0.53688
O42915,-0.615108,-0.403763
P52822,-0.485471,-0.0931443
O14258,-0.593871,-0.457501
Q09696,-0.539465,-0.219694
O13766,-0.316559,-0.439139
O13681,-0.696984,-0.144855
Q09882,-0.799662,-0.27384
Q09176,-0.799686,-0.270995
O94362,-0.363162,0.0366735
P36602,-0.663231,-0.0236744
O13862,-0.690686,-0.232151
Q09850,-0.437058,-0.123211
O14339,-0.448152,0.0554752
O36033,-0.31217,-0.342465
Q9UTI5,-0.605224,-0.106587
Q9UTA7,-0.206475,-0.165775
Q09874,-0.422729,-0.204844
P46595,-0.607472,-0.0265945
O74630,-0.647094,-0.585048
Q10432,-0.914674,-0.275049
O43125,-0.377437,-0.397367
O13974,-0.777171,-0.306145
P36626,-0.837367,-0.290395
Q9HE11,-0.292594,-0.18267
O74846,-0.510649,-0.0949158
Q9USV3,-0.612767,-0.269115
O74384,-0.498747,0.0172243
Q9UU94,-0.653847,-0.158713
O13682,-0.872876,-0.165533
Q9P790,-0.767095,-0.427215
O13671,-0.334304,-0.333912
Q09762,-0.518103,-0.0499117
P87228,-0.53388,0.0573736
O13853,-0.33122,-0.383922
O74948,-0.216391,-0.246757
O94679,-0.440162,-0.420052
O74874,-0.214339,-0.131806
O13870,-0.253702,-0.289347
Q50HP3,-0.257485,-0.232483
P78875,-0.65563,-0.423295
O74370,-0.34051,-0.492318
Q9P7C5,-0.231074,-0.428627
P33886,-0.703459,-0.130843
P0CT98,-0.340128,-0.349676
Q10282,-0.663734,-0.461228
Q9P7F2,-0.715874,-0.258214
O74735,-0.657394,-0.155961
O74453,-0.41433,-0.28231
P33520,-0.654421,-0.237556
P01129,-0.602294,-0.501503
P36620,-0.441055,-0.0473993
P78917,-0.126906,-0.271566
O94515,-0.354367,-0.287716
Q9UTN0,-0.34316,-0.00827039
Q10164,-0.580737,-0.211467
Q9P7U3,-0.22499,-0.305292
P0CY14,-0.304951,-0.448656
P36631,-0.788595,-0.437061
Q10264,-0.419918,-0.0576799
P28189,-0.505006,-0.0741347
Q9USN8,-0.453796,0.0446804
O42860,-0.570568,-0.352575
P50528,-1.2782,-0.569584
Q9UTG8,-0.454982,-0.0891463
Q9HDZ6,-0.81735,-0.148255
Q9UUJ4,-0.693507,-0.162053
P36625,-0.770325,-0.336432
Q09094,-0.977554,-0.239815
O14305,-0.559179,-0.50473
Q9UTS5,-0.195501,-0.307197
Q874R1,-0.599587,-0.12305
Q01663,-0.66826,-0.250434
Q1MTQ1,-0.390091,-0.305144
Q10113,-0.848515,-0.488176
O13843,-0.82753,-0.237454
Q92354,-0.468769,-0.0714688
Q09864,-0.243094,-0.415526
O74402,-0.253283,-0.397116
Q92373,-0.251723,-0.266069
O75001,-0.592458,-0.122775
Q09127,-0.487845,-0.164336
O74825,-0.79498,-0.173429
Q9P376,-0.765607,-0.491438
Q9P7Z6,-0.551679,-0.308189
O74970,-0.531587,-0.120616
O14311,-0.58337,-0.156454
O59682,-0.372186,-0.38527
Q9US13,-0.624759,-0.214633
P40923,-0.649786,-0.0894594
Q09855,-0.344776,-0.0556266
O14235,-0.552254,-0.215665
Q9UUB7,-0.862957,-0.678448
Q9P7S6,-0.707336,-0.237451
Q9UTJ7,-0.0994372,-0.24056
P36591,-0.396983,-0.346895
Q9P7B2,-0.260503,-0.256861
O14278,-0.256185,-0.393063
Q8WZK3,-0.523937,-0.122838
Q9P7I3,-1.02201,-0.30574
Q96WV0,-0.257304,-0.107958
Q09925,-0.230877,-0.378994
O74946,-0.663983,-0.520682
Q09142,-0.751486,-0.230817
Q9Y794,-0.476275,-0.402636
O94687,-0.573384,-0.326361
O60198,-0.511387,-0.0393574
Q9Y7R8,-0.37075,-0.258185
Q9Y820,-0.243395,-0.456433
O94281,-0.427,-0.0499199
P31209,-0.529116,-0.348078
O59810,-0.11849,-0.151984
Q10233,-0.738618,-0.0812979
O74872,-0.503842,0.0963188
O59719,-0.562575,-0.317092
Q9UUF2,-0.366288,-0.0209256
Q9Y7J4,-0.752294,-0.139356
Q9P7Q4,-0.69116,-0.564001
O13896,-0.62432,-0.105845
Q9C1X2,-0.160174,-0.0653366
O59838,-0.505532,-0.147189
Q10100,-0.54417,-0.426296
O75002,-0.833778,-0.339707
O94598,-0.171233,-0.243765
O94321,-1.12518,-0.4191
Q9P7Q7,-0.522129,-0.356961
O74733,-0.529608,-0.246049
O74968,-0.424329,-0.20239
O13845,-0.504626,-0.425442
Q1MTQ7,-0.238386,-0.165894
O14175,-0.710076,-0.481533
O74498,-0.682692,-0.240028
O13928,-1.08063,-0.260074
O14367,-0.192329,-0.259834
O59735,-0.444624,-0.0570462
Q10181,-0.4295,-0.340989
Q9P7R6,-0.344198,-0.375756
P36616,-0.777698,-0.263408
Q9P7V8,-0.427605,-0.157459
O43026,-0.500165,-0.0937845
Q92399,-0.680865,-0.11669
Q9P6H9,-0.316761,-0.253443
O13650,-0.363865,-0.0889073
Q92368,-0.684442,-0.220671
P05734,-0.395861,-0.202723
O60125,-0.476994,-0.0672579
O74880,-0.454042,-0.172567
O42832,-0.723545,-0.12052
Q9UU96,-0.460205,-0.105832
O74837,-0.377092,-0.138403
O74842,-0.526965,-0.223137
Q9P6P6,-0.164879,-0.0247873
Q09729,-0.322921,-0.169067
P87215,-0.298815,-0.114854
P36606,-0.625793,-0.620646
O43031,-0.473186,-0.121384
O42661,-0.693928,-0.0941486
O14216,-0.61875,-0.0423564
Q9UTJ2,-0.177115,-0.291317
Q9UTK7,-0.879365,-0.238387
O14112,-0.241008,-0.171827
O13746,-0.372957,-0.220539
Q9Y7R7,-0.433649,-0.282297
Q10133,-0.691696,-0.434055
O14343,-0.603435,-0.134693
O75004,-0.972288,-0.11221
Q9P782,-0.371872,-0.0225968
O74535,-0.566528,-0.00637552
Q9P5N1,-0.498814,-0.128203
O59767,-0.936011,-0.584465
P79011,-0.700705,-0.211292
O14002,-0.482131,-0.306491
O74539,-0.700979,-0.0795772
O94329,-0.859036,-0.384897
O74438,-0.557113,0.0111187
Q9P7D4,-0.185229,-0.399082
Q9P3W6,-0.377087,-0.0527082
O13776,-0.653662,-0.413382
Q09879,-0.773835,-0.288369
O94462,-0.132961,0.0141661
Q9UTD7,-0.346496,-0.0774864
Q10170,-0.574239,-0.00184579
O60105,-0.722643,-0.466797
Q10134,-0.491467,-0.417517
O94318,-0.755673,-0.262792
O94663,-0.669096,-0.31997
O13745,-0.47597,-0.246611
Q9UST7,-0.529884,-0.211689
O74458,-0.490497,-0.0812418
O42931,-0.472614,-0.462287
Q9C1W4,-0.342687,-0.0151304
Q9UTR8,-0.752247,-0.498871
Q9UUE6,-0.401366,0.036745
Q9C0U7,-0.384598,-0.0309496
Q9Y812,-0.461498,-0.273864
Q10182,-0.344768,-0.27067
P87138,-0.391709,-0.0621599
O14256,-0.420258,-0.369339
O42964,-0.743281,-0.470786
Q09915,-0.705295,-0.15594
Q10427,-0.279734,-0.264769
O60145,-1.09696,-0.583122
O13799,-0.189072,-0.282371
P36595,-0.752578,-0.361559
Q09815,-0.582904,-0.2009
O74338,-0.70925,-0.375119
O42700,-0.391765,-0.280819
Q10752,-0.465985,-0.0676427
Q10422,-0.344871,-0.193288
Q9P6L8,-0.636997,-0.186755
Q9UU77,-0.434741,-0.0257972
O74855,-0.423241,0.0658831
O42984,-0.414172,-0.219741
O94438,-0.458939,-0.214557
O74388,-0.466851,-0.410114
P50530,-0.377015,-0.113031
O94384,-0.549301,-0.366398
O60094,-0.394833,-0.459998
Q96UP3,-0.528947,-0.25639
P87128,-0.331981,-0.390252
O74341,-0.361928,-0.116729
O14207,-0.490091,-0.147182
O74762,-0.458779,-0.488654
Q09682,-0.383441,-0.459454
O13622,-0.599626,-0.0152041
Q9URT8,-0.382918,-0.340406
O13838,-0.282893,-0.0389257
O94265,-0.287711,-0.124025
O42667,-0.386383,-0.380878
Q09909,-0.529851,-0.141203
Q9UUK2,-0.557829,-0.414116
O43047,-0.163837,-0.29336
O14248,-0.557854,-0.275191
O74989,-0.176888,-0.292044
Q9UT48,-0.44997,-0.18668
O42648,-0.519118,0.00450891
Q09927,-0.561815,-0.2422
O94609,-0.646141,-0.20866
Q10424,-0.501347,-0.358582
O14047,-0.612027,-0.151515
Q9UT32,-0.455101,-0.167384
P40998,-0.853603,-0.344932
Q9UUI5,-0.473411,-0.195652
O94372,-0.35706,-0.138364
Q8WZK0,-0.472023,-0.379822
O74418,-0.323284,-0.0822462
Q09743,-0.682585,-0.233982
P41391,-0.880966,-0.360307
Q9P6S5,-0.846112,-0.686671
O94483,-0.49826,-0.207153
O94686,-0.300306,-0.0745957
Q9UT24,-0.559066,-0.181663
Q9USK4,-0.285334,-0.390981
O94510,-0.362852,-0.206511
O94396,-0.332389,-0.491017
Q9UU76,-0.259554,-0.263814
Q9P3W1,-0.373317,-0.242636
P48011,-0.836217,-0.175222
P87174,-0.554421,-0.331866
Q10315,-0.729002,-0.164715
Q9P6M0,-0.850551,-0.218151
Q9P7M3,-0.693562,-0.476023
O74304,-0.482582,-0.454353
O42963,-0.452261,-0.376589
P87127,-0.584573,-0.246274
P40377,-0.705122,-0.521503
Q12705,-0.550039,-0.277643
Q09781,-0.362279,-0.303534
Q10436,-0.469839,-0.121688
O14348,-0.205075,0.0757552
Q9HGL3,-0.442856,-0.427681
P24782,-0.376735,-0.135474
O42924,-0.29818,-0.0143344
O42871,-0.601223,-0.461194
Q0E7J8,-0.646848,-0.586699
O94623,-0.832136,-0.280195
Q10430,-0.72206,-0.0734193
Q00472,-0.710069,-0.358717
Q10107,-0.384049,0.0487262
O13987,-0.282693,-0.358086
O59830,-0.195234,-0.150145
Q9UUI6,-0.852809,-0.145153
P18253,-0.473712,-0.0789868
Q9P6N2,-0.318574,-0.308372
O14356,-0.95195,-0.398355
Q9URU4,-0.306767,-0.354938
O74440,-0.346715,-0.371076
P17610,-0.465403,-0.324874
Q10305,-0.754469,-0.470965
O13672,-0.635756,-0.0385414
P36580,-0.449678,-0.470506
O14128,-0.483685,-0.350257
Q9UTS6,-0.613762,-0.220796
P87027,-0.754535,-0.200399
Q10329,-0.451694,-0.407963
Q9P7U2,-0.243565,-0.285861
P87053,-0.583171,-0.323037
Q09668,-0.536276,0.0274772
Q9US60,-0.464463,-0.283594
Q9USU8,-0.629042,-0.553027
Q09175,-0.436171,-0.125152
P38937,-0.489571,-0.38198
O94454,-0.727056,-0.155881
Q10303,-0.673347,-0.547887
P0C016,-0.492904,-0.318965
O36014,-0.646348,-0.390581
Q10306,-0.629376,-0.440687
O94356,-0.336937,0.0853431
Q9UTG2,-0.330282,-0.157693
O94481,-0.273496,-0.253587
Q9UT86,-0.536775,-0.117609
Q874R3,-0.564778,-0.343649
O74747,-0.680021,-0.275885
O13772,-0.684077,-0.236005
O74172,-0.312218,-0.337991
Q09868,-0.492336,-0.163114
O13759,-0.914035,-0.186008
Q10668,-0.355575,-0.155446
P41003,-0.587339,-0.504713
Q10067,-0.592873,-0.396703
Q9P6R8,-0.530326,0.0124276
Q9UU80,-0.325893,-0.180563
O43009,-0.411179,-0.0443589
Q9C1X0,-0.483515,-0.0753538
Q09794,-0.257353,-0.130161
O42993,-0.26637,-0.455102
O13816,-0.314313,-0.313943
Q9P6R0,-0.241566,-0.37523
O13830,-0.693263,-0.00956515
Q9P7F8,-0.755922,-0.370577
Q9USJ7,-0.626133,-0.211747
O13900,-0.545324,-0.416524
O94527,-0.443978,-0.329402
P50519,-0.617006,-0.137722
P40371,-0.857642,-0.140191
O74884,-0.454864,-0.0378241
O94650,-0.374857,-0.148101
O94538,-0.668354,-0.464123
O42894,-0.540305,-0.340068
P15398,-0.491061,-0.280618
O94374,-0.581103,-0.410301
Q09811,-0.775877,-0.168655
O13736,-0.263406,-0.283626
O14299,-0.744974,-0.58072
Q9HE10,-0.487098,-0.491609
Q9C0W0,-0.502089,-0.174727
Q9P6Q6,-0.791424,-0.327995
O00103,-0.390285,-0.321409
O13743,-0.444018,-0.195013
P54789,-0.637686,-0.397824
Q9USK2,-0.454795,-0.126946
P09322,-0.77594,-0.41656
Q9UTM7,-0.549665,-0.506145
P00332,-0.595152,-0.0142187
Q10241,-0.200059,-0.339432
O60174,-0.861296,-0.247962
P78811,-0.341952,-0.172571
Q9UTN2,-0.0943496,0.0069857
Q9P7J6,-0.449203,-0.144848
O74412,-0.387276,-0.0890999
Q9UUD1,-0.818365,-0.333414
O43043,-0.505668,-0.377894
Q9US52,-0.536277,-0.52656
O74475,-0.301712,-0.345273
Q9P7R5,-0.691427,-0.164368
O59740,-0.600451,-0.15123
Q9P6S6,-0.554156,0.00261501
Q9USZ4,-0.294101,-0.0277818
O14283,-0.422801,-0.362146
O74191,-0.260664,-0.450352
P36581,-0.525048,-0.597754
Q01682,-0.471346,-0.0934045
O94612,-0.563418,-0.119245
O74790,-0.721906,-0.165315
O94549,-0.475273,0.0341079
O74830,-0.217454,-0.289242
O94616,-0.68261,-0.50256
O13864,-0.318446,-0.0513446
O14029,-0.439975,-0.45425
P36589,-0.556303,-0.380735
O60182,-0.728728,-0.210679
O14460,-0.477064,-0.259622
Q09841,-0.357841,-0.317854
O74752,-0.391599,-0.0456372
O74340,-0.358202,-0.33031
O13735,-0.306242,-0.0841992
Q9USR3,-0.264207,-0.207331
Q9UT09,-0.425478,0.0557104
O43087,-0.450646,-0.12337
O60059,-0.27702,-0.264081
Q10059,-0.544412,-0.543368
O74558,-0.910232,-0.461759
Q10161,-0.481785,-0.146257
O14170,-0.74124,-0.163966
Q9HE01,-0.459247,-0.268639
O43027,-0.404649,-0.0923662
O13916,-0.52805,-0.255899
P49740,-0.603202,-0.212924
O74823,-0.34897,-0.184825
P0CT74,-0.384037,-0.455518
P08096,-0.309393,-0.0391297
Q09922,-0.273921,-0.117595
Q9US26,-0.743424,-0.241074
Q10294,-0.474166,-0.062259
O94477,-0.873993,-0.489856
O94532,-0.657784,-0.148716
O43011,-0.529091,-0.526957
Q9Y7U4,-0.52407,-0.557308
O94695,-0.312871,-0.174602
P36630,-0.711953,-0.502565
Q9UUD2,-0.472193,-0.28175
O94745,-0.36199,0.0722776
Q9USM1,-0.489346,-0.338325
O94503,-0.544798,-0.278627
O94582,-0.449547,-0.0586157
O43036,-0.631307,-0.492404
Q9P7P1,-0.527177,-0.5652
Q9Y7T8,-0.353751,-0.113075
O14423,-0.935056,-0.15045
Q9P4X1,-0.388118,-0.0272249
Q9P6R1,-0.39864,-0.183842
O74531,-0.464255,-0.241079
Q9UTA4,-0.0599327,-0.356576
O42858,-0.640519,-0.472877
O94417,-0.54483,-0.231565
P36596,-0.641703,-0.0998402
Q9C115,-0.784489,-0.385243
O14241,-0.299278,-0.419713
O74428,-0.622751,-0.302559
O43037,-0.797235,-0.265444
Q9USW8,-0.755612,-0.224242
O13952,-0.675834,-0.265271
O74536,-0.59628,-0.63147
P87233,-0.666028,-0.134609
O13351,-0.895118,-0.271917
O14340,-0.705051,-0.00909945
O94508,-0.47349,-0.364344
O14069,-0.377037,-0.121782
O94309,-0.597307,-0.285165
O13741,-0.507337,-0.0432953
Q9Y821,-0.394076,-0.222774
Q9Y7X8,-0.125483,-0.295928
O13774,-0.271312,0.106284
O94244,-0.969199,-0.1732
Q9P802,-0.614198,-0.0694519
Q9HGL6,-0.475636,-0.0764917
Q9UT45,-0.681696,-0.36203
Q10339,-0.834625,-0.41025
Q9Y7Y2,-0.405165,-0.270263
O42657,-0.354811,-0.222791
Q10176,-0.463722,-0.0522729
Q9UTK5,-0.169574,-0.40408
P15567,-0.445643,0.0244982
O94272,-0.284676,-0.280999
O94435,-0.29858,-0.149995
Q09778,-0.618593,-0.495953
Q9UUG9,-0.536227,-0.402189
Q10951,-0.61211,-0.413937
P28829,-0.614891,-0.621315
Q9UT53,-0.59998,-0.336063
Q9P7W4,-0.384583,-0.377039
Q9P805,-0.450474,-0.39507
O13892,-0.920707,-0.23839
O43040,-0.576357,-0.0978334
Q09181,-0.413281,-0.214449
Q92358,-0.627631,-0.311716
Q9UT93,-0.245285,-0.441333
Q9UQY2,-0.207079,-0.340647
O43013,-0.429143,-0.411128
O74975,-0.440723,-0.0205794
Q9UTL4,-0.183386,-0.278904
P11620,-0.404452,-0.0443028
Q9UU82,-0.464499,-0.22448
O13775,-0.435855,-0.179802
Q09697,-0.641925,-0.189636
O42854,-0.466809,-0.288396
Q10104,-0.54143,-0.426458
Q92352,-0.537349,-0.319505
Q10366,-0.69644,-0.163122
O43079,-0.628981,-0.379676
Q09848,-0.443537,-0.250287
Q9URW9,-0.353759,-0.0868163
O74875,-0.358139,0.00805094
O60185,-0.929898,-0.078844
Q10199,-0.269934,-0.142708
Q9Y7N2,-0.533832,0.019998
O74439,-0.248959,-0.156655
O59791,-0.821274,-0.291055
P87243,-0.635185,-0.294984
O14354,-0.232554,-0.26359
Q9UUG1,-0.446802,-0.284132
Q9P5N2,-0.350979,-0.178948
Q09741,-0.806873,-0.114191
O42868,-0.373898,-0.215023
Q7LL15,-0.405702,-0.456598
Q9HGM8,-0.652371,-0.01864
Q9UTP3,-0.503013,-0.391612
Q9UQY9,-0.651866,-0.222241
Q9Y7J1,-0.553232,-0.622764
P40977,-0.449171,-0.220218
P78820,-0.3057,-0.154705
Q10136,-0.478014,-0.355833
O42826,-0.254276,-0.354604
Q9UTR4,-0.554845,-0.521613
Q92375,-0.805679,-0.102009
P87049,-0.675392,-0.154158
O74456,-0.912558,-0.789906
O94640,-0.556149,0.017001
P40899,-0.341276,-0.186556
O14043,-0.537982,-0.0513713
P59289,-0.392893,-0.24592
O74548,-0.281609,-0.0992098
Q9UTQ0,-0.25664,-0.141632
Q09820,-0.483887,-0.104664
P87115,-0.409907,-0.106336
P18869,-0.236152,-0.128992
O74385,-0.323223,-0.398808
P0CAN8,-0.393088,-0.222019
Q9UT49,-0.69141,-0.266894
O13784,-0.568041,-0.147416
Q12701,-0.669152,-0.401676
O94533,-0.531296,-0.339232
P87150,-0.315357,-0.443772
O94359,-0.40816,-0.141972
P87216,-0.523095,-0.211694
O14114,-0.182958,-0.226855
Q9UT44,-0.27573,-0.247014
Q10364,-0.386032,-0.118825
O94403,-0.383872,-0.216608
Q9URY0,-0.217914,-0.00999907
O74400,-0.470513,-0.00272011
O60119,-0.449022,0.0821129
O94722,-0.850372,-0.218434
Q09191,-0.728682,-0.411027
O13310,-0.683593,-0.114464
O74862,-0.36183,-0.333378
Q9Y823,-0.63942,-0.0592344
O94676,-0.355765,-0.0463879
Q9Y7Y3,-0.0784119,-0.0987414
P52808,-0.369598,-0.31335
Q9P7L3,-0.769266,-0.160868
P78759,-0.469946,-0.244982
Q9UUI7,-0.272754,-0.0652869
P79063,-0.658515,-0.103673
O74718,-0.683487,-0.517146
Q9P7X1,-0.232681,-0.338334
Q9P774,-0.482525,-0.13035
O74547,-0.369195,-0.0367765
P47943,-0.499023,-0.133732
Q9Y7K9,-0.41489,-0.0547366
P17871,-0.344836,-0.390416
O42649,-0.572015,-0.111501
P78794,-0.599074,-0.0843734
O42658,-0.658041,-0.44129
P87060,-0.574096,-0.545086
O13985,-0.561079,-0.463411
Q9Y8G3,-0.429493,-0.166
P36618,-0.609687,-0.0707037
Q9UUB5,-0.581974,-0.0306679
P39825,-0.354229,-0.516593
O74778,-0.778286,-0.0999828
Q11118,-0.541599,-0.288761
P30290,-0.560612,-0.350187
Q9P6M3,-0.531621,0.0251951
O13339,-0.636696,-0.166061
O74804,-0.757663,-0.262335
P36632,-0.338467,-0.0998838
O59704,-0.402227,-0.152671
O14023,-0.642655,-0.114251
Q9C0Z1,-0.0495068,-0.319926
Q9US22,-0.466485,-0.03612
O43019,-0.384691,-0.347111
O14229,-0.795661,-0.475665
Q09689,-0.443888,0.101492
Q9UTE3,-0.543075,0.0519781
O74894,-0.603443,-0.408002
Q9US51,-0.784273,-0.377321
P36627,-0.375265,0.0425754
Q9USR1,-0.413099,-0.362479
Q10168,-0.147655,-0.343914
P79009,-0.292634,-0.267332
O14010,-0.369134,-0.407436
P87123,-0.723756,-0.451493
O94308,-0.605863,-0.1973
O14134,-0.454754,-0.366562
O42874,-0.772634,-0.13553
Q9P3U8,-0.499069,-0.22628
O94276,-0.714697,-0.516277
Q9UTA6,-0.440597,-0.0923524
O94313,-0.366803,0.0264212
O13808,-0.462604,-0.340378
O13701,-0.485095,-0.421698
O94621,-0.340013,-0.12938
Q09801,-0.464204,-0.398025
P50524,-0.834998,-0.540652
Q9P7J7,-0.460749,-0.462669
Q10225,-0.403721,-0.179002
Q9P785,-0.409681,-0.0551262
O43063,-0.414631,-0.111623
O74483,-0.296848,-0.0839839
O74965,-0.583826,-0.357739
P0CT65,-0.325526,-0.0117221
O94286,-0.352556,-0.0910348
O14336,-0.372429,-0.29427
P78780,-0.38098,-0.116714
Q9UR09,-0.582644,-0.409103
Q9P797,-0.56493,-0.390628
Q9USQ4,-0.657412,-0.0933119
O59697,-0.196404,-0.241
P17478,-0.435384,-0.296995
Q03319,-0.360177,-0.215364
Q10311,-0.556125,-0.0143224
O14223,-0.477049,-0.314434
Q9P6L2,-0.6622,-0.351596
P87157,-0.34892,-0.180412
Q09731,-0.581048,-0.111305
Q9P7F9,-0.71416,-0.0497123
O74502,-0.250016,-0.294855
Q9HE07,-0.348229,-0.191086
Q09878,-0.243847,-0.16456
O13858,-0.255318,-0.0510614
O74463,-0.496149,0.0324675
O60070,-0.926781,-0.414952
U3H042,-0.614962,-0.216746
Q9P377,-0.380366,-0.128803
Q9P6K0,-0.289364,0.0128249
O94487,-0.563898,-0.0310197
Q9HGP0,-0.41675,-0.266944
P40984,-0.458014,0.0204865
O13798,-0.385228,-0.0192898
O94671,-0.327729,-0.309221
Q9UTE4,-0.458004,-0.537439
Q09799,-0.630887,0.0331623
Q10208,-0.277048,-0.335869
Q9HGN1,-0.763545,-0.100644
O14124,-0.288751,-0.276723
Q9P7M9,-0.779762,-0.0960759
Q9P7B8,-0.434776,-0.133837
Q9UU81,-0.513728,-0.485424
Q9P3E5,-0.269727,-0.321946
Q9HDU8,-0.440651,-0.0961466
O14213,-0.440649,-0.309753
Q8TFH1,-0.390816,-0.368437
Q8TFG6,-0.459749,-0.401108
O42979,-0.728243,-0.345022
O14021,-0.629616,-0.391236
O74635,-0.589851,-0.196104
P37382,-0.762773,-0.536244
Q92344,-0.523453,-0.122828
Q7LL14,-0.492274,0.0714056
O74365,-0.40107,-0.33328
O74462,-0.710615,-0.144695
O74524,-0.194694,-0.23674
O74399,-0.407037,0.0423601
Q9UUG0,-0.239282,-0.253178
O13716,-0.888601,-0.488519
Q9P7Y8,-0.644025,-0.246535
P35669,-0.741078,-0.429489
O13924,-0.409297,-0.265171
Q7LKV3,-0.736733,-0.148096
O59751,-0.449559,-0.44381
O74773,-0.417035,0.0108109
Q92359,-0.206814,-0.154669
O94514,-0.452966,-0.0778315
Q10217,-0.258106,-0.185688
Q9UTB2,-0.317712,-0.30711
Q1MTN3,-0.458357,-0.453872
O13826,-0.695838,-0.0952673
O42923,-0.410275,-0.196175
O14352,-0.73926,-0.199042
Q9P7X6,-0.45043,-0.158384
O74469,-0.472644,-0.143769
O74351,-0.119371,-0.206423
O60072,-0.27856,-0.107692
P04909,-0.386426,-0.312858
P87323,-0.768355,-0.171823
O13742,-0.348151,-0.161058
Q09146,-0.172484,-0.182938
O59770,-0.497727,-0.411727
O94729,-0.478773,-0.227522
Q9USW1,-0.403853,-0.072399
Q9Y884,-0.663109,-0.24631
Q9USG8,-0.394467,-0.289481
O94601,-0.262409,-0.076347
O14089,-0.35208,-0.19783
O60184,-0.220694,-0.390108
O74991,-0.459458,-0.422289
O13945,-0.60093,-0.00128061
O59753,-0.843811,-0.195802
O13983,-0.524645,-0.543957
O13705,-0.567004,-0.316671
O94724,-0.267267,-0.152476
Q9UU93,-0.556551,-0.33871
Q9Y7M1,-0.443913,-0.26569
O74802,-0.696655,-0.166877
Q9Y7Y8,-0.449693,-0.054519
Q9UT73,-0.480512,-0.218596
O74755,-0.245412,-0.123065
P07669,-0.349452,-0.276813
Q9URV2,-0.706754,-0.187165
Q10207,-0.471851,-0.115124
O94715,-0.483105,-0.193088
Q76PC4,-0.378837,-0.0557494
O94529,-0.222701,-0.168668
O94519,-0.38512,-0.0681575
O60143,-0.337334,-0.36856
O14351,-0.796038,-0.297088
Q09130,-0.315299,0.0319975
Q9US59,-0.733561,-0.411289
Q9Y700,-0.356034,-0.0191528
P87244,-0.674705,-0.532117
O94517,-0.593933,-0.433881
Q9HDW7,-0.378262,-0.189947
Q9P3T6,-0.28978,-0.12266
O94328,-0.109371,-0.0238928
O14129,-0.562335,-0.237381
Q9P7W3,-0.357061,-0.10665
Q9Y7X4,-0.323194,-0.170842
O14253,-0.599474,-0.0450514
Q9P7C7,-0.638919,-0.0721338
O13606,-0.775563,-0.158382
O60183,-0.508896,-0.375396
P25457,-0.368144,-0.300181
O94261,-0.71722,-0.253238
O74792,-0.818748,-0.238187
O94241,-0.379688,-0.525603
Q07538,-0.353956,-0.307429
O74759,-0.697942,-0.441318
O94740,-0.434881,-0.122863
O13828,-0.840269,-0.322263
O94752,-0.466151,-0.359919
O74482,-0.300396,-0.165327
P14965,-0.61939,-0.513155
Q9USW5,-0.429857,-0.00267985
O59734,-0.442192,-0.299679
Q9UTR1,-0.528419,-0.179237
P0CT67,-0.239746,-0.399257
B8Y7Y5,-0.164081,-0.207953
O42848,-0.224519,-0.267742
O74978,-0.390213,-0.332962
O42644,-0.484599,-0.169802
Q09717,-0.550699,-0.18404
P28745,-0.732653,-0.432312
Q9UTR9,-0.498348,-0.0432155
O14328,-0.272739,-0.0220001
Q10290,-0.849208,-0.488341
Q9USR5,-0.387237,-0.292623
Q09786,-0.501833,-0.306908
Q09835,-0.473338,-0.128734
O94257,-0.51478,-0.00305005
Q9UTL3,-0.42934,-0.132888
O94550,-0.437357,0.0478452
Q9Y817,-0.516576,-0.0829576
Q9UTG1,-0.641228,-0.315806
Q9USJ6,-0.680797,-0.316005
Q9P6S4,-0.382536,-0.119396
P36604,-0.553714,-0.156824
Q9UT19,-0.341336,-0.399945
O94267,-0.369265,-0.355224
O74761,-0.659845,-0.0676044
O60132,-0.776033,-0.140852
O74460,-0.41655,-0.186854
P41831,-0.420548,-0.0842932
Q09856,-0.502231,-0.262266
O42941,-0.315987,-0.14377
Q9Y7R4,-0.710552,-0.477061
Q9USP1,-0.4073,-0.0281298
P30655,-0.296129,-0.345485
O74350,-0.610724,-0.172
O74424,-0.319357,-0.476798
Q09761,-0.709256,-0.232357
O74441,-0.364875,-0.0287908
O42913,-0.577238,-0.258424
Q9P7K8,-0.314222,-0.321975
Q9UTH5,-0.266615,-0.382295
Q09814,-0.219089,-0.31004
Q9US43,-0.713409,-0.209031
O42945,-0.500605,-0.157889
Q9UT52,-0.687211,-0.341045
O74515,-0.726617,-0.155016
Q9P777,-0.32538,-0.0162454
O14099,-0.35283,-0.0306286
Q8TFH0,-0.0949837,-0.157013
Q9P6K7,-0.402181,0.0467445
P27584,-0.821595,-0.344849
Q9UT85,-0.640267,-0.214347
Q9P7X3,-0.32967,-0.0990474
O36024,-0.729212,-0.202485
Q00619,-0.81612,-0.328216
Q09913,-0.267154,-0.141874
O14154,-0.364292,0.118028
O14308,-0.516078,-0.170416
O13722,-0.492979,-0.264212
P24487,-0.331361,0.0330845
O42844,-0.350645,-0.0715501
O36023,-0.726342,-0.202163
Q10298,-0.230607,-0.298496
O14306,-0.288028,-0.291968
P50521,-0.485201,-0.297354
P87159,-0.354196,-0.28226
O74878,-0.136596,-0.362159
Q10144,-0.224291,-0.131733
Q1MTM9,-0.218943,-0.0942211
C6Y4C3,-0.307109,-0.243249
O94363,-0.294163,-0.302666
Q9USZ7,-0.152026,-0.331542
Q09728,-0.745336,-0.107103
P36599,-0.297728,-0.289238
O59741,-0.262763,-0.279458
Q10106,-0.434394,0.022251
Q9P7R9,-0.426488,-0.387904
Q9US45,-0.50176,-0.128358
O59676,-0.541902,-0.284252
P57728,-0.512201,-0.154173
Q10369,-0.852132,-0.103037
O59835,-0.463884,-0.257465
O94718,-0.574909,-0.279042
P36584,-0.337551,-0.428597
Q9P7P2,-0.564493,-0.368386
O94709,-0.280158,-0.368155
O42841,-0.521324,-0.330974
O14215,-0.615403,-0.48235
O94653,-0.224786,-0.391552
O60077,-0.237628,0.00272047
P87154,-0.769595,-0.45365
Q09188,-0.496894,-0.0463693
P04910,-0.497595,-0.309385
A6X980,-0.603231,-0.0682866
O13914,-0.51332,-0.0072797
O13749,-0.434047,-0.289184
O60158,-0.415019,-0.333595
