gene,dim1,dim2
P40234,-0.0629103,0.221355
P23291,0.104375,0.150954
Q9USP5,-0.170341,0.546709
P49018,-0.109504,0.57392
P08463,-0.43976,0.713035
P20486,-0.359689,0.652508
P40374,-0.215426,0.493761
P06633,-0.312192,0.489732
P87172,-0.0464989,0.551201
P32363,-0.124124,0.679661
O14092,-0.393073,0.53306
P09950,-0.0680388,0.634983
Q10168,0.0847149,0.570251
P14907,-0.00648844,0.549194
Q08004,-0.0364044,0.545328
Q9P370,-0.215977,0.542013
P35842,0.0380558,0.559713
Q01682,-0.0470173,0.595819
Q9URT8,0.00833497,0.552036
P40525,0.0845568,0.622666
O94335,-0.0299388,0.544585
P39007,-0.125477,0.544974
P33307,-0.121942,0.524976
O13671,-0.183574,0.542263
O14206,-0.347512,0.472701
P38789,-0.0462069,0.537806
Q9P6Q3,-0.341447,0.597227
P32839,0.0179827,0.557249
Q1MTR1,0.0446636,0.582082
Q06683,-0.339525,0.473596
Q00381,-0.224522,0.495207
Q9Y7L6,-0.0756501,0.535157
P53629,-0.152072,0.55247
Q10269,0.0709314,0.627259
Q12520,-0.0379483,0.542091
Q8WZJ9,-0.173965,0.525648
P17967,-0.131819,0.579431
Q10057,-0.190768,0.508468
Q07896,-0.295873,0.528458
O94288,-0.284453,0.491541
P21696,-0.222825,0.498038
P41911,-0.0380259,0.547632
P38821,-0.236249,0.490414
O36014,-0.0495994,0.541229
P53942,-0.35249,0.4681
Q10236,-0.20648,0.701297
Q06385,-0.0536304,0.533923
O14205,0.0162269,0.550339
Q08548,-0.310687,0.511729
O42916,0.0525366,0.664466
Q10439,-0.0449501,0.543095
P40051,-0.261701,0.501608
P38075,-0.293663,0.477753
Q9UTQ1,-0.272347,0.625566
P24482,0.0712213,0.568305
O94263,-0.0622466,0.550418
P38620,-0.0948283,0.76958
O94413,0.120284,0.58671
O94637,-0.0657561,0.539105
P36132,-0.271309,0.504183
P36062,-0.140426,0.516092
Q10074,-0.315639,0.511184
P21801,-0.149435,0.524018
P21911,0.121011,0.595419
Q9P7V5,-0.072252,0.538945
P11075,0.135293,0.587672
P53073,-0.146502,0.518265
O94520,0.0446439,0.56786
P19073,-0.191333,0.563955
Q01112,-0.439504,0.538148
P0CH09,-0.12007,0.525014
P0CH07,0.0592005,0.69117
Q9P7B3,-0.338441,0.471378
P42839,-0.26211,0.665953
P0CX56,-0.358338,0.504386
P0CT67,-0.29167,0.554985
Q9HGN6,0.0661257,0.563584
P53759,0.0729456,0.573422
O13824,-0.14034,0.522888
P38798,0.0481932,0.569249
P38197,-0.100915,0.563672
Q9P6Q1,-0.0828279,0.531996
Q01846,-0.304296,0.47546
Q9USN1,-0.412891,0.655164
Q09179,-0.326607,0.495682
P32288,-0.31125,0.481678
Q9P7W5,-0.189656,0.505679
P40160,-0.194049,0.525635
O94363,-0.230657,0.574458
P25378,-0.259006,0.518694
P53894,0.0738955,0.56954
O13310,-0.027525,0.580639
O14307,-0.0438447,0.545198
P46959,-0.231077,0.508093
Q9UT98,-0.100181,0.692181
Q06892,-0.332602,0.65319
O74827,0.0958116,0.573655
P05375,-0.00649828,0.572155
P38793,-0.315106,0.47841
Q8TFG7,-0.346488,0.548712
P39683,-0.00639849,0.552563
Q9UTK3,0.0962897,0.601036
P39990,-0.379914,0.45966
O74690,-0.282778,0.49384
O14059,0.128491,0.585546
P38635,-0.113586,0.620622
Q9P7U4,-0.188384,0.511341
Q08910,-0.284213,0.554306
P87048,0.0837715,0.578434
P38764,-0.00436352,0.607709
P38820,-0.116101,0.5228
Q09810,-0.195388,0.510816
P25637,0.0264077,0.555793
O13997,-0.287081,0.506325
P36097,0.0317202,0.552879
O94600,0.0486029,0.643044
P08536,-0.184435,0.508351
P78937,-0.234242,0.517498
Q09795,-0.0278501,0.544647
Q07825,-0.262412,0.50525
P25618,-0.206509,0.501537
Q9HDZ2,-0.106281,0.552741
P38803,-0.291805,0.480805
O94718,-0.183479,0.675996
P78972,0.134431,0.585721
P26309,-0.0918933,0.557998
P22224,-0.263215,0.498817
O75006,0.0945247,0.582229
Q08951,0.046022,0.562354
Q9UTL8,-0.0629784,0.539597
Q9USP8,-0.0853222,0.528393
P28241,0.0600696,0.569599
Q09683,0.0803179,0.566817
P32829,-0.167578,0.514398
Q9USZ2,-0.325251,0.473238
Q99189,-0.253875,0.49647
P38286,-0.170007,0.506348
Q10245,-0.0740144,0.531554
P34243,-0.186317,0.538662
O94247,-0.362508,0.519521
P36607,0.0829579,0.571047
P32849,-0.00513644,0.554563
O43073,-0.0554713,0.537887
Q12016,-0.346086,0.539659
P24784,-0.040415,0.537228
O13370,-0.27668,0.496086
P21951,-0.0782293,0.531242
P87154,-0.21523,0.502131
Q09860,-0.107505,0.572241
P53852,-0.374986,0.487346
O59680,-0.227451,0.495996
P07143,-0.292986,0.485636
O94567,-0.0902818,0.52982
P38707,-0.212204,0.545159
P04802,-0.0166342,0.540691
O74407,0.0364189,0.558558
O74995,-0.238337,0.558008
Q04673,-0.31724,0.530596
P32807,-0.251986,0.497029
O94395,-0.0226775,0.56223
P46151,-0.155853,0.514335
O74927,0.087468,0.609121
P33298,-0.110003,0.524209
O74894,-0.0978745,0.546237
Q03730,-0.00286749,0.556132
O94654,0.128193,0.585936
P47117,-0.0779553,0.528529
P32390,-0.227983,0.516357
P18869,0.0800252,0.571428
P04173,0.0880184,0.583476
P0C0V8,0.0732143,0.572043
P05764,-0.15384,0.526508
O94715,-0.334694,0.469833
Q01855,0.0142889,0.558571
O74940,-0.147227,0.559954
P38795,-0.109082,0.535751
O59809,0.122721,0.58047
P46970,-0.082073,0.553997
O42700,-0.222421,0.530424
P15019,-0.174614,0.524192
P32906,-0.100059,0.533468
Q9P7C3,-0.105059,0.52661
O13971,-0.0460038,0.538433
Q06132,0.165126,0.599487
Q9USZ8,0.00803806,0.5541
P40515,-0.291645,0.508956
P00549,-0.043917,0.575032
Q10208,-0.32393,0.481715
P80210,-0.180331,0.508023
Q02787,-0.109335,0.529732
Q03497,-0.335358,0.481787
P50527,-0.308066,0.481489
P20457,-0.0666289,0.536529
O74761,-0.199077,0.529784
Q9Y7J3,-0.0655135,0.556604
P53934,-0.291697,0.505501
P46943,-0.0462415,0.536084
O13869,0.0681718,0.570125
P38991,0.0854677,0.611233
O59790,-0.0140296,0.566227
Q9US39,0.0914691,0.575562
P38887,-0.220959,0.5012
P16658,0.0141877,0.592656
Q8TFH7,0.010002,0.56046
Q03503,-0.0577143,0.536963
O74311,-0.0390542,0.56236
O94443,-0.246509,0.484925
P53331,-0.102827,0.524721
P20449,-0.309865,0.595415
Q09747,-0.337598,0.485373
O94346,0.0309414,0.551269
Q04728,0.185486,0.594443
P53010,0.0706562,0.586918
Q09798,-0.0378876,0.552916
Q9Y884,-0.16534,0.537217
P32491,-0.147209,0.519852
Q03280,0.12724,0.601282
O13834,-0.323982,0.48685
P35182,0.110149,0.578578
P40371,-0.0655464,0.546748
O94680,-0.121597,0.521832
P40345,0.152885,0.591111
P41805,-0.0928206,0.528438
Q09127,-0.0423695,0.567193
O14235,-0.132342,0.524325
Q06640,-0.0296954,0.544804
O43028,-0.230313,0.551269
P39968,-0.0823221,0.560777
P40487,-0.318516,0.540776
O59713,-0.175658,0.533013
Q9P7X4,0.142333,0.586995
P38288,-0.287107,0.486263
P31688,-0.113583,0.575302
P78875,-0.299886,0.505981
Q10487,0.0758166,0.605338
P38124,-0.158883,0.61382
P39727,-0.0760247,0.59311
Q09895,-0.321165,0.487432
P36594,-0.0332811,0.549777
P04050,-0.149596,0.53049
P40976,-0.206945,0.499366
P07702,-0.160457,0.518407
P19117,-0.185646,0.627285
P00817,0.115305,0.593656
Q09669,-0.328563,0.483948
P10127,-0.34119,0.482681
Q10252,-0.0998517,0.60463
P32378,-0.111846,0.524218
P38797,-0.0309821,0.614976
Q09189,0.0569836,0.57329
Q09850,-0.0956487,0.624328
P53753,-0.172274,0.541755
P36616,0.0808355,0.571976
Q03656,-0.227426,0.518514
O43050,0.148743,0.668597
P53199,-0.333028,0.53559
O74534,-0.0594489,0.664733
P22213,-0.28285,0.561505
Q09869,-0.22856,0.534135
Q05027,0.105764,0.580633
P36600,0.0749043,0.604524
P07278,-0.204825,0.560566
Q99260,0.10096,0.58182
P17608,-0.318515,0.482483
O13936,0.0412867,0.590015
P27692,0.0406295,0.58139
O14035,-0.186125,0.532009
Q04895,-0.201227,0.532815
P87027,0.111873,0.596901
P38987,-0.26392,0.527594
Q9P791,-0.261554,0.523247
Q01976-1,-0.180045,0.523448
P38711,-0.114032,0.599857
O74330,0.0505297,0.568287
P53959,-0.301023,0.533101
O94677,0.0776602,0.580953
O59768,-0.313113,0.562715
Q99385,0.0550665,0.587856
Q12060,0.103669,0.591712
O94301,-0.27673,0.490171
O94383,-0.0464085,0.592441
P32908,-0.221948,0.510304
O59858,0.0422205,0.640328
P40581,0.0432968,0.60803
P00046,-0.282898,0.601448
P00045,-0.134319,0.526378
Q9UT81,-0.00410231,0.634512
P34223,-0.226789,0.511192
P38340,-0.0541113,0.618206
O13748,0.183245,0.624952
P23968,0.0561691,0.62971
O14046,-0.188054,0.50947
Q9UUF1,-0.0304879,0.542492
P34220,0.111509,0.577792
O94590,-0.0372504,0.618488
P30619,-0.223,0.564748
Q10479,-0.0104222,0.575053
P40351,-0.182656,0.504691
Q9US09,0.0793958,0.60821
P47040,0.00433127,0.555646
Q9P7R8,-0.249471,0.561471
P39993,0.0618263,0.568841
P10989,-0.327905,0.577246
P60010,-0.346834,0.476386
P37291,-0.139928,0.563352
O13972,-0.282253,0.500004
P0CX79,-0.190468,0.557304
P87015,-0.188482,0.529966
P30620,-0.295458,0.529771
Q10264,-0.214485,0.51133
Q9UR24,-0.250687,0.504903
P40352,-0.322319,0.493358
P32795,-0.243102,0.572733
O59824,-0.35923,0.469847
Q09741,0.0919594,0.623863
Q12074,-0.235502,0.505725
Q92372,0.0442074,0.615762
P22336,-0.128774,0.54484
Q9P7N4,-0.171773,0.591568
Q9URQ3,-0.29948,0.524694
O74999,-0.305427,0.540269
P06779,-0.00949646,0.583371
O43065,0.130055,0.596524
P32333,-0.248687,0.505693
P04912,-0.0388744,0.592894
P04909,0.0447234,0.574923
Q9USI6,0.0266579,0.588198
P08964,-0.266579,0.497073
O42903,-0.128078,0.571231
Q12234,-0.288626,0.497956
P32899,-0.295476,0.526986
O13835,-0.262534,0.525157
P53064,-0.204378,0.506747
O94667,-0.108431,0.522501
O74178,-0.0923322,0.616774
P35844,-0.240745,0.500918
Q9P7L4,0.0413469,0.617739
P53889,0.0499635,0.571984
O94679,-0.0698747,0.634722
Q06156,-0.0111074,0.57289
Q10306,-0.217688,0.525268
P00890,-0.297342,0.48549
P52491,-0.295605,0.529074
O74549,0.118398,0.592122
P33313,-0.00624875,0.585133
O13754,0.107845,0.590392
Q08968,-0.381978,0.512653
O13890,-0.0372499,0.558555
O42937,0.127924,0.653524
P41811,0.0750098,0.579259
O13749,-0.157195,0.575813
P29055,0.0603336,0.585183
P25457,0.0386675,0.627206
Q12213,0.0502719,0.580863
P38342,0.0956904,0.633701
Q9Y7P2,-0.358854,0.476091
P40016,-0.0887061,0.591103
O42897,0.0873234,0.587828
O94275,-0.296276,0.557085
P40985,-0.347392,0.498355
P40499,-0.276272,0.542174
O13909,-0.343988,0.488009
P28707,-0.0883819,0.587803
Q11118,-0.229928,0.535741
Q06549,-0.205159,0.527572
Q09190,0.132547,0.619268
P56286,-0.201649,0.568564
P20459,-0.245118,0.502796
Q12211,-0.278673,0.552751
O94396,-0.304653,0.516151
Q9UT53,-0.211743,0.554699
Q06178,-0.253209,0.526128
P52917,-0.2243,0.624232
Q09803,-0.0263342,0.680768
Q09130,0.123057,0.628583
P32481,-0.309151,0.519796
P39107,0.0333393,0.618417
O36022,-0.347289,0.494724
P36013,-0.30409,0.538399
P40375,-0.119374,0.53737
Q12461,-0.325304,0.526757
Q9P7H4,-0.086562,0.548264
Q03897,0.106266,0.644884
O13686,-0.0870873,0.560276
P36595,-0.234456,0.574619
P20435,-0.25383,0.518729
Q12347,-0.0626148,0.645635
O74531,0.0266726,0.604858
O14126,0.0762046,0.638556
P33297,-0.353758,0.49571
O13794,0.075762,0.61708
Q06224,-0.189742,0.510589
O94345,-0.069803,0.624118
P22353,-0.105106,0.551578
O13614,0.0691127,0.647717
Q08745,-0.0383369,0.573307
P36091,-0.0338444,0.635937
O74556,-0.172268,0.564212
Q06493,-0.161015,0.583001
O13920,-0.349531,0.49161
O13941,-0.243314,0.528261
P32486,0.0623564,0.579133
P53128,0.0715658,0.610288
Q10258,-0.0564609,0.555495
Q9USJ6,-0.239164,0.56463
Q07923,0.0219307,0.570659
Q12325,0.0222289,0.624931
Q9URY8,-0.301379,0.490004
O94586,-0.26765,0.49875
Q04344,-0.246774,0.516614
P47025,-0.329168,0.576694
Q9P7I3,-0.325318,0.490238
O14037,-0.123617,0.585083
P36154,0.010141,0.609956
O13787,0.11856,0.660479
P21825,0.0206488,0.601108
Q9UTN2,0.107973,0.637429
P40850,-0.015122,0.558231
P04551,-0.0425204,0.592762
P00546,-0.326086,0.494044
P39533,-0.182467,0.596278
Q9P7D4,-0.0499103,0.5784
Q10147,-0.322451,0.530624
P39076,-0.309109,0.49888
Q9P7S1,-0.26783,0.517219
P53920,0.0848006,0.58272
P40107,0.0256965,0.610744
Q9UTK8,0.0267705,0.565638
P53388,-0.135091,0.559054
O74543,-0.2843,0.495072
P22194,0.0186555,0.605003
P36047,-0.239853,0.499629
Q9UTB4,0.00955498,0.615983
P32335,-0.201842,0.519881
Q9P6N5,-0.0242384,0.589251
P23501,-0.0465582,0.556681
Q08650,-0.0366074,0.626079
O74850,0.0472395,0.578127
O60161,-0.242877,0.537881
Q06679,0.0835766,0.581769
O42849,-0.292374,0.58731
P15624,-0.129004,0.566326
O74836,0.139141,0.636555
P0CX44,-0.0235453,0.56239
Q06632,-0.351659,0.537848
O74733,0.11771,0.59599
Q10237,-0.289293,0.570557
P39081,-0.127152,0.558861
Q1MTQ9,-0.278375,0.550102
Q08962,-0.28338,0.514011
O74427,-0.256606,0.57279
P27515,-0.301761,0.520344
Q06287,-0.300266,0.529253
Q10107,-0.0216882,0.572392
Q9UT19,-0.114281,0.587468
P05694,0.0539101,0.596916
Q9P7R4,0.108148,0.609704
P28263,-0.046883,0.576811
P87320,-0.325787,0.527731
P32266,-0.0411743,0.574386
Q9UT35,-0.371223,0.556768
P32621,0.0792753,0.634634
Q12252,0.044946,0.599505
Q09766,-0.0564606,0.551548
Q12280,-0.1982,0.570229
O14188,-0.291858,0.507246
P53859,0.142764,0.62839
O59821,0.0742854,0.579469
P04807,-0.223485,0.505934
Q09756,-0.0317773,0.551383
P38206,-0.152769,0.567153
O94302,-0.245568,0.499089
P00572,-0.249515,0.553598
P36590,-0.147349,0.557306
Q9Y7N7,0.153171,0.610112
P23503,-0.067799,0.549363
P23797,-0.0736441,0.592885
Q9HDW9,0.119255,0.598137
O94653,0.105475,0.592459
Q08965,0.0180114,0.574474
P53909,-0.127338,0.599788
Q9P6I7,-0.280728,0.54278
O42857,-0.219444,0.532451
P39923,0.163824,0.611438
P17609,-0.0401372,0.60499
P07560,-0.11313,0.552188
Q08651,0.00053399,0.612782
O74959,-0.0775705,0.557623
O74399,-0.273872,0.554142
Q04660,-0.0679803,0.54899
Q03020,-0.226355,0.588784
Q9UTC6,-0.125456,0.58792
O94286,-0.13551,0.592332
Q03677,-0.273283,0.51361
P14743,0.144376,0.628922
O43010,-0.0625611,0.542698
Q10740,-0.203075,0.566493
O94544,0.158329,0.602422
P53739,-0.0468704,0.620014
Q09831,-0.138369,0.578189
Q04636,0.0220613,0.605833
O94529,0.048361,0.587458
P0C0W1,0.0460775,0.601175
P0CT59,-0.169287,0.545778
O94579,0.0537115,0.615719
P23639,-0.23627,0.5244
O94337,0.0853133,0.617485
P38791,0.0521395,0.588322
P79063,-0.023419,0.581579
P12385,-0.12194,0.558672
P37382,0.11274,0.61802
P16370,-0.292091,0.512967
P04397,0.0423748,0.613894
Q9HDU3,-0.00816369,0.56632
P32600,0.0903005,0.624865
Q9Y7K2,0.150207,0.616963
O59770,-0.0752253,0.585034
P21242,0.093291,0.588677
O59672,0.0143055,0.611945
P43535,-0.192803,0.547456
P48234,-0.17234,0.570858
O74879,-0.146234,0.541901
Q9P7S7,-0.335042,0.541615
Q12499,0.0517235,0.59311
Q9UUH7,0.0782818,0.597119
P48365,-0.355221,0.499147
P28189,-0.345035,0.5408
P05756,-0.285556,0.508318
Q9USK3,-0.146622,0.584983
Q05497,0.0375643,0.598973
O42893,-0.151646,0.586318
P32356,-0.330853,0.513688
O74895,-0.289756,0.550162
P54780,0.184539,0.622078
P56289,0.0139891,0.61813
P19211,-0.30359,0.514156
O13837,0.0606401,0.627658
P17649,-0.266314,0.525848
Q9UTF7,-0.294538,0.557043
P25358,-0.168023,0.539872
P07258,-0.240189,0.573481
O60060,0.0195681,0.578719
O60111,-0.0261902,0.615646
Q06567,-0.308541,0.518359
O74548,-0.0301155,0.579208
P18544,0.0333752,0.601639
P08518,0.125529,0.594826
Q02061,-0.326472,0.504353
P54069,-0.305375,0.556723
P42840,-0.2001,0.536627
P08417,-0.33332,0.530489
O94552,-0.0213895,0.560688
P08096,-0.192342,0.582212
P06786,-0.12937,0.563564
Q9USZ0,-0.120641,0.595351
Q08924,-0.292743,0.541646
P06777,0.0354191,0.584878
P36617,0.152685,0.597635
Q06819,-0.36516,0.537896
P87215,-0.274395,0.528319
P40484,-0.171833,0.574036
O94360,0.0209059,0.576496
O74904,-0.0388796,0.578006
P0CX85,-0.161392,0.544444
Q10066,-0.161354,0.588671
P00812,0.0372835,0.599338
O94307,0.183111,0.65001
Q04493,-0.218188,0.541099
O14357,-0.0468886,0.596067
P53306,-0.148404,0.544504
P52490,-0.222546,0.566833
O13685,0.138066,0.609027
Q9UTI3,-0.155958,0.572815
P07347,-0.279589,0.549019
Q03305,-0.0900136,0.582069
Q10170,0.078958,0.586872
O59721,-0.133268,0.576639
P48567,-0.0592847,0.567234
O14290,0.0246109,0.588315
Q07451,-0.0551575,0.568149
P51998,-0.188895,0.594049
O74801,-0.202656,0.587748
Q9UT55,0.0159394,0.603279
Q04371,-0.149208,0.548652
P01123,-0.171541,0.574773
P11620,0.0594494,0.605674
Q09859,-0.256615,0.559406
P40029,0.0704722,0.611833
O13831,-0.113308,0.585948
P00931,0.102716,0.600759
O74352,-0.054361,0.584239
P39743,-0.108205,0.542813
Q03390,-0.303889,0.553153
O74422,0.169989,0.605519
O74635,-0.134458,0.588094
P27999,-0.18012,0.565219
P40093,0.00247598,0.604766
Q9P7T6,0.130086,0.621636
P25335,-0.134978,0.544124
Q09913,0.0855141,0.581803
P38328,-0.204425,0.549306
P78774,-0.122791,0.535706
P21182,0.0724135,0.632936
Q9P7E3,-0.0682966,0.616338
Q9P381,-0.123935,0.556805
P38221,-0.351263,0.519899
P49017,0.0458534,0.617976
P87230,-0.336507,0.522566
Q12118,-0.276603,0.538242
O13797,-0.125886,0.546186
P48009,-0.161442,0.583055
P32468,0.0640513,0.611639
P18239,-0.0713747,0.596595
Q09188,0.0691006,0.609217
Q9USU2,0.0604251,0.612693
P41819,0.106954,0.595394
P18414,-0.00193007,0.613542
O94270,-0.146954,0.558409
P39726,-0.0680249,0.590358
Q9HDV9,-0.0291586,0.592592
Q9UT41,-0.23913,0.563645
P43571,-0.226854,0.557632
Q9USS7,-0.142157,0.569898
P38810,-0.352711,0.517692
Q09737,0.0441009,0.601133
P06169,-0.282008,0.514812
P24279,-0.240935,0.561456
P30666,-0.224229,0.550251
O94319,-0.246357,0.548331
Q04491,-0.0288904,0.572548
P32626,-0.326021,0.533145
Q9P6Q2,-0.0183214,0.574607
Q10106,-0.0960978,0.583057
P34247,-0.327946,0.527674
P48439,-0.375662,0.539221
Q8TFH3,-0.0562045,0.570706
O14179,0.0719038,0.608296
Q07953,0.00666612,0.568072
O94609,-0.0893082,0.579665
P22515,-0.0966913,0.561177
P78974,-0.0275932,0.59424
P05373,0.0967976,0.615162
Q9P7X9,0.156593,0.636238
P53320,-0.0120462,0.586605
O36015,-0.206682,0.55577
P38238,-0.119135,0.562994
O74820,0.0654841,0.641799
P40030,-0.0384893,0.621947
Q06236,-0.263191,0.543827
Q9P7X0,-0.19921,0.526224
P40991,-0.0195232,0.609088
O94268,-0.16623,0.555489
P32458,0.0870882,0.625042
P48008,0.0286823,0.586432
O94305,0.015301,0.612621
P28321,0.0315385,0.580905
O14467,-0.310711,0.549262
O94700,-0.311728,0.534499
Q9UTB3,-0.269908,0.554913
P31115,-0.0280209,0.58483
P36037,-0.0768222,0.602397
O94289,-0.297499,0.543712
Q06680,-0.156638,0.582091
Q10429,0.113013,0.616714
P48837,-0.313708,0.553166
O42963,0.0292056,0.585812
P32656,0.00234825,0.610004
P87305,-0.0775695,0.566799
Q76PD3,0.0537083,0.636851
P53734,-0.273652,0.550773
P49954,-0.299394,0.550016
Q10166,-0.0573414,0.571108
P00942,-0.329078,0.535533
P07669,0.0988564,0.594335
O74327,-0.313527,0.538689
P40074,-0.255272,0.505258
O13946,-0.317029,0.540849
P54837,-0.185984,0.551128
P39079,-0.116999,0.579052
O94515,-0.348902,0.518855
O13910,-0.304931,0.549853
P47083,-0.13899,0.551978
P41887,-0.188056,0.572057
P15108,-0.201395,0.534717
O13985,0.00888019,0.598697
Q04199,-0.115631,0.546794
O94523,0.0788526,0.625581
P21147,0.0568256,0.580193
P53184,-0.0708291,0.597133
Q9USS0,0.0576537,0.591294
O43001,-0.197935,0.559931
P50942,-0.310935,0.502212
Q7Z9I3,-0.371098,0.541916
P36086,-0.335016,0.535032
P40468,-0.120855,0.58758
Q9HDV6,0.112237,0.601015
O13928,-0.302126,0.569343
Q00245,-0.0817849,0.603353
Q9HFF5,-0.260387,0.559551
Q04264,-0.258154,0.537216
O13864,-0.186619,0.560123
Q06142,0.044628,0.598002
Q9Y7P1,0.00997316,0.602776
Q03103,-0.0090679,0.572091
Q09892,0.134447,0.614854
P32485,-0.155769,0.554005
O74558,-0.290599,0.546073
P43563,0.0313438,0.582553
Q12449,-0.332802,0.566018
Q9P782,-0.170818,0.575029
P40564,0.0751584,0.632074
O59731,0.107388,0.621561
P47147,0.00789843,0.617959
O13819,-0.2157,0.54655
O74874,-0.0619675,0.604757
P31384,-0.139976,0.559127
P32901,-0.0291779,0.600505
Q9P380,-0.228846,0.54875
Q9P7C1,0.143463,0.625266
P43613,0.0310844,0.583735
P12695,-0.361732,0.544829
O59816,-0.0830238,0.562506
Q9Y7M7,-0.0164933,0.605402
P33311,-0.204684,0.522955
P38203,-0.0722981,0.59537
O94408,0.0269904,0.623119
P38219,-0.00833244,0.594287
O13998,-0.103684,0.568209
P16661,0.121023,0.626354
O13933,0.0506039,0.597469
P28000,-0.157864,0.55907
Q09177,-0.219157,0.545594
Q9C0U6,-0.172347,0.567316
P42826,0.0467184,0.592886
P40066,-0.313484,0.525084
P41838,-0.345692,0.494685
P53598,-0.128299,0.595993
O13750,-0.25728,0.552509
Q9Y817,-0.0226153,0.584764
P47104,0.118515,0.630304
O59767,-0.172406,0.563365
P47074,-0.0249594,0.56462
P36165,-0.168784,0.549317
Q9Y827,-0.155627,0.541242
O74368,0.120494,0.611876
P41800,0.0204131,0.575678
P53261,-0.0352502,0.612907
O60164,0.117885,0.630565
P40493,-0.336047,0.535774
O94480,-0.0636697,0.568672
O42930,0.12042,0.641599
P32319,-0.143046,0.548381
Q12339,-0.0756497,0.611443
O74862,-0.0674894,0.579661
P38880,-0.256559,0.533849
Q10070,-0.299026,0.520856
P31380,-0.310769,0.525267
O74842,-0.122849,0.536105
Q9P7P0,-0.333794,0.549953
P32784,-0.154563,0.573154
P22696,-0.208554,0.584784
O74448,-0.32402,0.540082
P26637,-0.28348,0.566377
Q10490,0.049126,0.589599
O42875,-0.209541,0.568885
P04803,-0.34069,0.488516
O74369,-0.0707361,0.583925
P40015,-0.0733097,0.570467
O74439,-0.221666,0.565506
P38988,-0.018171,0.608982
P38703,-0.214935,0.563556
O59735,-0.0773695,0.56648
Q03862,0.157739,0.623038
O60180,-0.15614,0.549489
P15703,-0.321739,0.535573
O13990,-0.228035,0.54461
P54964,0.121223,0.621637
O94626,-0.216672,0.542588
P33753,-0.0613147,0.611422
Q09833,-0.231948,0.512269
Q04767,-0.286642,0.544365
O74375,-0.00581488,0.593031
O14134,-0.0252828,0.624834
Q08972,-0.222289,0.544843
P17883,-0.0914198,0.594918
O94474,-0.0800227,0.604006
P40357,-0.101413,0.56907
O74786,0.0717086,0.603313
P24583,-0.286428,0.5411
P36583,-0.123339,0.550078
O94684,0.0888573,0.62558
Q03290,-0.0557115,0.588955
P22219,0.0716898,0.634766
O42900,0.180311,0.616989
O13753,-0.0341033,0.564458
P32366,-0.0359623,0.568734
Q08387,0.0192101,0.625224
O74833,0.0539931,0.592927
Q09175,0.0599328,0.628354
P13134,-0.0208327,0.580188
P28789,-0.242979,0.587905
Q09899,-0.264447,0.548657
P53318,-0.367361,0.570734
Q9Y7Z9,0.103465,0.630981
Q9UUG1,-0.329094,0.5348
P36160,0.0110033,0.606324
P38712,-0.156121,0.599677
Q9P6N8,0.0703113,0.627754
Q9US20,0.0638378,0.594586
P33333,-0.151945,0.55139
O94613,-0.15734,0.53361
Q12181,0.163511,0.599039
Q9UUI4,-0.147906,0.538681
Q12080,-0.0913234,0.567191
P40341,-0.29083,0.557146
Q9HGM3,0.0564303,0.574524
P53266,-0.0477221,0.581013
Q9Y810,-0.303227,0.529043
P53255,-0.0630418,0.567671
Q10414,0.0175237,0.572063
P06243,-0.102345,0.600956
P50582,0.0260439,0.584858
P25342,-0.295609,0.548723
Q09116,-0.00954451,0.618832
Q09843,-0.0386622,0.603859
P40348,-0.104539,0.564167
P87113,-0.206343,0.586589
P32352,-0.0219123,0.578154
P53727,-0.166826,0.555202
O74860,-0.302186,0.515521
Q9UUE6,-0.181703,0.596546
P15180,-0.22535,0.5592
P47048,0.109767,0.630408
O94730,-0.194404,0.53489
P32502,-0.221576,0.569448
Q9UT76,0.0835553,0.60245
Q06696,-0.335516,0.533564
O43038,-0.2203,0.541423
Q9USH7,-0.114472,0.565534
P39926,-0.068024,0.550298
Q10344,0.0892888,0.61457
P35691,0.145884,0.616453
P25374,-0.145543,0.557732
O74351,-0.097542,0.562589
Q03829,-0.16529,0.566457
Q76PC3,-0.0414593,0.587129
P53930,-0.204312,0.539967
Q10319,-0.206687,0.588932
Q04665,-0.17519,0.587276
P10823,-0.0972947,0.587615
P53009,-0.228458,0.593689
Q9P7X5,0.087572,0.623297
P13045,-0.169706,0.576443
Q9HDU2,-0.224785,0.523069
Q09671,0.0230782,0.641607
P41816,-0.295072,0.560545
Q9P787,0.0175723,0.635604
P36039,-0.0139271,0.576872
O14348,-0.295665,0.532527
Q92317,0.0776225,0.604664
P15202,-0.279102,0.526387
P55306,0.00778762,0.594676
O14039,-0.0399435,0.595526
P53972,0.0836904,0.585291
Q9P7T9,-0.0634419,0.604239
P43549,0.168024,0.599651
P18409,-0.164482,0.555959
O13814,0.088528,0.629041
P53177,-0.241292,0.571579
Q9UTA5,-0.274079,0.509707
P00560,0.0623818,0.616073
O60101,-0.148875,0.566067
O74499,-0.0869316,0.563297
P53905,0.0365266,0.573683
P16603,-0.019748,0.625588
P36587,-0.287706,0.525392
P89886,-0.0165107,0.605437
P87313,0.0989527,0.61695
P53319,-0.00931007,0.621375
P78812,-0.0812213,0.601707
P53201,-0.157266,0.570651
O14308,-0.343713,0.558558
Q06512,-0.185608,0.583063
O94372,-0.00583241,0.592484
P53252,-0.201101,0.556313
O74960,-0.146386,0.572117
P40977,-0.270193,0.530162
P32383,-0.25733,0.557761
P46948,0.17204,0.611805
O42872,-0.2581,0.519167
P40327,-0.195564,0.537114
P36612,0.0658232,0.59414
O14019,0.0560816,0.649022
P25333,-0.0540051,0.627031
Q9USX4,0.00216788,0.614145
P41056,-0.0720875,0.567111
Q12523,0.0269635,0.639286
O74763,0.0740251,0.605385
P31406,-0.168116,0.54801
P17255,-0.366705,0.530555
O60080,-0.164921,0.578973
Q06218,0.159848,0.606009
Q04183,-0.33879,0.541193
O14251,-0.206558,0.557804
Q12055,-0.0057225,0.579789
Q9UU88,0.117351,0.601159
Q9HDU6,0.0732047,0.604762
P38787,-0.19546,0.545264
P40513,-0.379088,0.561848
O94675,0.0782491,0.608086
P32178,-0.224676,0.549292
O13739,-0.196093,0.56766
P00854,0.0815836,0.638993
P21535,0.128189,0.628393
O74945,0.0893776,0.593727
P53893,0.0481405,0.606309
Q9P7K0,0.148762,0.615285
O74700,-0.247545,0.547289
P40414,-0.212623,0.554679
Q02088,-0.304906,0.52019
P40010,-0.326964,0.539248
O74791,0.147616,0.608733
Q12429,-0.193503,0.569085
Q9USQ7,0.00255408,0.60148
P38127,0.0421154,0.598066
Q9P6L7,-0.203478,0.53735
O94412,0.0634871,0.64928
Q00618,0.0214119,0.634257
Q12146,-0.129075,0.571172
Q9UTC3,0.0130558,0.609629
P00927,-0.0552201,0.606036
O94634,-0.110597,0.599129
P04688,0.0670656,0.612269
P09733,-0.0317765,0.557634
P33754,-0.0301934,0.607812
Q9UUA4,0.123667,0.645289
Q03195,0.0340642,0.587674
O60102,-0.112672,0.575675
Q9Y7J0,-0.0915591,0.57021
P53164,-0.295738,0.527977
Q9HGM5,0.040461,0.579394
P38719,-0.139143,0.544581
O43052,-0.0749428,0.580357
P35688,-0.288225,0.51679
Q9P7B4,0.165239,0.625771
Q05016,-0.00821342,0.557547
P53600,0.0496347,0.586324
O74891,0.178603,0.61136
Q9URY0,-0.275649,0.556979
Q12024,0.118437,0.643706
Q09916,-0.0435856,0.605531
Q03532,-0.02693,0.582721
P34760,-0.0366968,0.596026
O74887,0.140181,0.614351
O14324,-0.0972342,0.61432
Q05359,0.118856,0.627043
P04147,0.0310785,0.593512
P31209,-0.167113,0.527334
Q08204,-0.252362,0.585084
O13710,-0.253564,0.533907
P16140,0.00954641,0.590294
P31411,-0.213473,0.579165
Q03778,-0.0719948,0.588382
O74866,-0.0409601,0.613193
P07274,-0.0758966,0.545668
P39825,-0.210221,0.516533
P38431-1,-0.220358,0.573137
Q09689,0.0394399,0.619988
P53145,-0.224953,0.543017
Q10190,-0.0533696,0.548818
O94415,-0.34201,0.552065
P53312,-0.170124,0.55994
Q04500,0.0428595,0.595601
P87137,-0.253986,0.513042
P31383,0.0975729,0.636009
Q9UT08,-0.30188,0.52902
P27614,0.150106,0.613958
O13968,0.0423173,0.608458
P40957,-0.0450231,0.627269
P87169,-0.0274898,0.590856
Q10094,-0.147059,0.547841
P28273,-0.270188,0.509627
P32561,-0.158775,0.61628
O59702,0.0289214,0.605264
P38701,0.0439995,0.6214
O74893,-0.107769,0.608297
O13637,-0.232728,0.563943
P38968,-0.0210444,0.568844
P38064,-0.327879,0.507321
Q9Y822,-0.241046,0.570166
Q12009,-0.169077,0.545808
Q96WV1,-0.204483,0.527103
Q99216,-0.262526,0.589945
O14044,-0.365722,0.556415
O94545,-0.319307,0.517429
Q02932,-0.00347157,0.586762
P40416,-0.305285,0.54482
O14286,0.138656,0.623611
O74559,-0.338874,0.572745
P53337,-0.151703,0.540903
O14399,-0.267796,0.53984
Q03919,-0.240544,0.544953
P87140,-0.140417,0.569975
P32074,-0.083021,0.603206
P05749,-0.105788,0.629867
Q09668,-0.0212666,0.604926
P28829,-0.234784,0.599204
P23561,-0.0966876,0.615961
P25846,-0.373246,0.557187
O13921,0.00852671,0.633335
O60065,0.0798986,0.646804
P53112,-0.302725,0.558391
Q10212,-0.334822,0.523259
P47085,-0.228965,0.561807
P40377,-0.261776,0.55102
P29469,-0.304731,0.530491
O94303,-0.176469,0.599413
P33734,-0.156595,0.589411
Q01590,0.168144,0.621751
O13644,-0.337073,0.55361
P05030,-0.0732543,0.621214
P09627,-0.0375551,0.574183
O74323,-0.0911572,0.616362
P15367,-0.25332,0.542733
O14094,-0.149763,0.584027
P38698,-0.263829,0.54572
P40150,0.0303281,0.627711
Q10284,-0.129981,0.539058
P35191,-0.220946,0.565562
P87239,-0.0111505,0.579105
Q92328,-0.112808,0.613696
Q92377,-0.241287,0.537772
P41893,-0.293023,0.578463
P40347,-0.249093,0.533623
Q9UTC9,-0.156649,0.58238
P40005,-0.1369,0.533242
Q9UT28,-0.0227146,0.612551
Q05874,-0.0889843,0.546522
P0CX83,0.00690869,0.583701
O42699,-0.104365,0.54973
Q10248,-0.0967611,0.555352
P32331,-0.0378493,0.555247
P0CT57,-0.36528,0.550016
P06367,-0.370003,0.540797
P40555,0.0996596,0.654964
O94393,-0.322103,0.486685
P38615,-0.186187,0.55587
Q10452,-0.182805,0.517365
Q08108,-0.328712,0.569082
O13857-2,0.0396199,0.592132
Q9Y7Z8,-0.0343017,0.619736
Q04439,0.110864,0.630936
Q9P7T7,-0.125493,0.6184
P25576,-0.0623586,0.57402
O74750,-0.283772,0.533336
P40004,0.0100798,0.627482
P40383,-0.40881,0.569276
P22147,-0.384277,0.561281
P53730,0.0203147,0.612502
Q9USD4,-0.101469,0.547423
P15625,-0.054249,0.587604
O42870,-0.21215,0.544083
O74382,-0.13017,0.607544
P42941,-0.292905,0.52542
P25382,-0.175001,0.566289
O74855,-0.13324,0.591699
P22215,-0.241233,0.588862
O94695,0.0379079,0.601962
P0CT74,-0.329876,0.578752
P0CX48,-0.054062,0.584732
O14197,-0.291194,0.537327
P38355,-0.295879,0.532332
P21954,-0.223956,0.587334
O14254,-0.18937,0.572005
Q10231,-0.131065,0.555628
P38604,0.0488411,0.640946
P40094,0.0374412,0.608846
Q9Y7Z4,-0.183334,0.55467
O43046,-0.19094,0.597475
P39111,-0.286939,0.557913
Q12330,0.0122659,0.615531
Q9USZ3,-0.104973,0.593912
O74773,-0.0783686,0.620189
P25847,-0.359042,0.507508
O74414,-0.0858151,0.598746
Q03941,-0.0784547,0.607097
Q9US55,-0.0985952,0.563966
P38138,-0.0550601,0.56598
Q12288,0.0348181,0.615236
Q09686,-0.0608786,0.61717
O13861,-0.0245911,0.581969
P36101,-0.257815,0.522122
P28519,-0.107851,0.578257
O59753,-0.0257173,0.567548
P0CX46,-0.0419587,0.628759
P0CT72,-0.384519,0.539067
O94281,-0.131942,0.561284
P43639,0.0905931,0.60491
Q9USQ9,0.0607528,0.60913
P30657,-0.23651,0.547224
Q9UU76,-0.00116838,0.59445
Q04373,-0.313579,0.534457
P48362,-0.28387,0.530521
Q10498,-0.117808,0.536116
Q09914,-0.102912,0.586073
P06780,-0.20403,0.541925
O42650,-0.133863,0.60829
Q12196,-0.291339,0.556039
Q9P3T7,-0.269348,0.580958
Q99297,-0.0348202,0.562852
P40413,-0.182513,0.564693
Q9UTM4,-0.365207,0.550909
O94267,-0.325476,0.529547
P32558,-0.0893605,0.600625
Q9HDX8,0.0491291,0.617645
P54783,-0.01548,0.579195
Q02725,-0.0921555,0.610477
O13718,-0.135186,0.548306
P53111,0.0448493,0.626073
Q9UT59,-0.114658,0.573123
P15705,-0.348355,0.557507
Q9USI5,-0.0514991,0.558949
P41412,-0.197928,0.586305
P39678,-0.0176515,0.626668
P87117,-0.0713246,0.570459
Q02948,0.024082,0.592628
P40367,-0.335811,0.528957
Q09782,-0.312561,0.517736
Q09758,0.0468961,0.623321
P53154,-0.291641,0.541532
Q09723,-0.33641,0.549128
P53738,-0.132645,0.560887
P11353,-0.142748,0.539502
Q9UTE2,-0.254259,0.554998
P53043,0.046653,0.617209
O43049,-0.239256,0.563893
Q10179,0.0237889,0.645276
P38088-2,0.0870854,0.584183
P36147,-0.0486709,0.603025
O94539,-0.0495221,0.564968
P38426,-0.0984498,0.610031
O14081,-0.00521773,0.618919
P42841,-0.212636,0.517395
Q9UTN4,-0.00923062,0.630372
Q9HE11,-0.416273,0.549305
Q04177,-0.402862,0.54706
P43616,-0.10127,0.61781
Q9P6I2,-0.254445,0.574913
P39525,-0.220727,0.522667
O94297,-0.166095,0.535667
P14120,-0.132956,0.555011
Q9UTP0,-0.123547,0.565827
Q10313,-0.28976,0.513861
P09880,-0.357641,0.477919
P24384,-0.00445323,0.616996
O42643,-0.310047,0.543358
P38910,-0.169876,0.564875
O59804,-0.036313,0.586755
P33317,0.0698044,0.674733
Q9P6Q5,-0.252944,0.582027
Q08920,-0.294223,0.533259
Q9P383,-0.181996,0.51514
Q12063,0.0132369,0.642352
Q9Y7K8,-0.19658,0.520887
Q05123,-0.295155,0.565226
Q9UTQ7,-0.142561,0.586648
Q00711,0.040864,0.617116
Q9UTJ7,-0.154654,0.617655
Q9P6K3,0.0388292,0.616373
Q08977,-0.249815,0.54327
Q12697,0.0904764,0.647665
O74431,-0.112323,0.557961
O13969,-0.209282,0.543527
P07236,0.0906517,0.600469
Q99258,0.0149131,0.597965
O60181,0.12238,0.616122
P47771,-0.173133,0.537547
Q9URW9,0.0567488,0.636967
Q9P544,-0.0798631,0.611189
P04840,-0.0681549,0.625076
Q06835,-0.0785356,0.577289
Q9UTB8,0.0445405,0.599823
Q12382,-0.388994,0.571919
P87170,-0.252438,0.535506
Q9UT42,-0.135838,0.566027
P42951,-0.297221,0.507652
P26263,-0.192193,0.574024
O42873,-0.202719,0.604917
Q9HDW1,-0.443869,0.549338
P25578,-0.362661,0.500764
O13768,-0.0213459,0.645595
Q00578,0.0245149,0.641494
P00410,-0.0509435,0.642521
P21534,-0.106922,0.593975
Q9C0X6,-0.0538227,0.636533
Q03940,-0.35143,0.544473
P38930,0.0585833,0.589509
P40232,0.0836015,0.594728
P33750,-0.251679,0.570085
O74340,-0.051844,0.611003
Q06685,-0.278353,0.523875
O74429,-0.277209,0.500036
Q04067,0.0725549,0.61509
P78795,-0.0823642,0.595189
P40471,-0.338994,0.575634
Q09851,0.0757786,0.617513
Q03392,-0.0846797,0.564869
P15873,-0.046701,0.625461
P38624,0.0331123,0.612591
O43063,-0.326823,0.530785
Q07530,0.04938,0.60576
Q1MTR7,0.163857,0.608253
Q09864,-0.413375,0.539976
P19882,-0.400756,0.528309
Q4LB35,-0.251895,0.541395
P53848,-0.310392,0.535365
O14388,0.0692498,0.597965
P0C2H6,-0.307389,0.505475
O94655,-0.263825,0.574163
P32939,0.0465044,0.663766
O13883,-0.260195,0.571695
P41733,-0.238805,0.519164
P32337,-0.276852,0.531775
O74476,-0.181586,0.535277
Q12442,0.0985626,0.658725
Q09749,-0.295006,0.509316
P12709,0.023131,0.579068
P78917,0.152419,0.626961
Q10438,0.084828,0.6091
P38254,0.0124702,0.615913
Q9US07,0.0838004,0.597719
Q12386,-0.297331,0.532612
Q07830,-0.142501,0.551074
O13663,-0.37351,0.509257
O13821,0.048296,0.627555
P40343,-0.252401,0.51869
P39965,-0.211649,0.521381
O74765,-0.0618114,0.563116
Q09707,-0.30815,0.5614
P40892,0.0945832,0.591467
O94556,-0.384902,0.523451
P16522,-0.413467,0.566898
O94438,-0.0964473,0.604945
P33442,-0.0148012,0.625363
Q9US06,-0.155793,0.592043
P38351,-0.0629061,0.544953
O42668,-0.0213017,0.656732
P89105,0.129049,0.606253
Q07478,0.0769132,0.628101
O13792,-0.24125,0.540735
Q9C1X2,-0.152596,0.585736
P46681,0.0366638,0.613037
O60085,-0.0793683,0.560193
P38174,0.0183297,0.586838
Q9USP0,-0.0567999,0.551411
P14741,-0.0853328,0.542403
P56287,-0.274177,0.509253
P32501,-0.241844,0.588429
Q08282,0.14372,0.61974
O60157,-0.00925126,0.636332
O13726,-0.312485,0.564567
Q04121,-0.350122,0.517599
P10507,0.0345575,0.598029
Q9P7X1,-0.0263172,0.562072
Q9UT84,-0.169838,0.605879
P47140,-0.269716,0.583914
P38121,-0.280896,0.594229
O74946,-0.183041,0.535941
P87214,-0.31855,0.57759
P06174,-0.162639,0.549878
Q9P775,-0.0238455,0.564375
P21304,-0.125169,0.532149
Q12460,-0.371486,0.526389
O94514,0.0950593,0.634146
O14086,-0.0187506,0.5821
Q01080,-0.144137,0.536874
P0CX42,-0.0778525,0.578166
P0CT61,-0.270569,0.563824
P43636,-0.263681,0.525599
Q96WW6,0.0496268,0.663481
Q12417,-0.0951381,0.612333
O13615,-0.211029,0.550169
Q09740,-0.236379,0.60806
P14742,-0.301033,0.511332
P53327,0.0912418,0.606528
O60072,-0.310287,0.513144
O60160,0.0526848,0.674851
P27810,-0.402837,0.546769
P40825-2,-0.369893,0.554602
O13914,-0.360153,0.488319
P07149,-0.435529,0.554784
Q9UUG0,-0.0588973,0.626034
P28777,-0.0674379,0.653594
O74413,-0.118776,0.591063
P38829,-0.194789,0.563894
Q9UTL0,0.0314812,0.587302
P10962,-0.0429104,0.597267
Q9UTE6,0.0369846,0.635296
Q9URZ3,-0.204724,0.571632
P15380,-0.245551,0.582826
P08425,-0.395018,0.529371
O74952,-0.263039,0.536269
Q92338,-0.338304,0.566177
P27697,-0.067893,0.585002
P40086,-0.00384335,0.569268
Q10361,-0.305786,0.509815
P32451,-0.108086,0.607685
O59778,-0.131231,0.556028
P55877,-0.0350976,0.593704
P38912,-0.355725,0.483058
P38629,0.0113301,0.577117
O14003,-0.0607932,0.619249
O74393,-0.169368,0.55166
P38112,0.057635,0.608801
O74541,-0.18865,0.549162
P47988,-0.25978,0.573849
P36108,-0.165357,0.542399
O14177,-0.277405,0.556809
O60128,0.114164,0.601224
P05750,-0.308384,0.493191
P00401,-0.34071,0.507051
P07657,-0.142628,0.585411
P05739,-0.158293,0.559737
P79071,-0.184534,0.603199
O13822,0.0907987,0.654068
P53878,-0.268097,0.513872
Q09891,0.0470496,0.603376
P32660,-0.184404,0.525915
Q9P7V4,-0.23759,0.54925
P34253,-0.0288786,0.618008
Q9P7Q4,-0.086045,0.549715
P18759,-0.15843,0.543649
Q9URZ8,-0.265016,0.553024
P32842,-0.199746,0.540976
P07264,-0.241037,0.594071
O14289,-0.3382,0.569433
P25087,-0.349444,0.487068
O14321,-0.141294,0.548559
P32769,-0.123311,0.638616
O74774,-0.173021,0.597065
Q09181,-0.17809,0.549202
P39517,-0.134247,0.608313
P43548,-0.336968,0.588675
O59831,-0.313303,0.547026
Q03406,-0.276656,0.604141
Q9P7C8,0.0107248,0.61816
O14346,-0.285702,0.59248
P40857,0.0419149,0.610055
P32599,-0.093399,0.602624
O59945,-0.263744,0.574492
P32347,0.0528451,0.598513
Q9USJ5,0.102816,0.61313
Q12749,-0.114536,0.563934
P53692,-0.189999,0.603012
O74797,0.0276629,0.616726
P25654,-0.195457,0.518885
P39708,-0.0462816,0.650201
P78804,-0.148894,0.564227
O13755,-0.052174,0.643895
P21375,-0.243237,0.535108
P38191,-0.153559,0.573332
Q9URW3,0.113819,0.615498
Q09794,-0.0884568,0.574249
P07259,-0.148226,0.632389
P09201,-0.118292,0.557362
P09202,-0.0699165,0.561632
P53212,-0.394046,0.544843
O43075,-0.194689,0.545178
O14311,-0.00309197,0.5934
P06844,0.0282508,0.57428
Q9UTE0,-0.0726073,0.65341
Q99287,-0.323993,0.560847
P19516,0.139967,0.613322
Q86ZU7,0.159921,0.619978
P40359,-0.395152,0.548903
O94329,-0.00498564,0.562112
P06100,-0.0281103,0.625262
P87240,-0.0916166,0.611184
P32476,0.136304,0.601624
Q9C1W3,0.000398653,0.615996
Q92354,-0.0854513,0.65451
P24000,-0.0162359,0.574588
Q02821,-0.0441652,0.662686
O14063,0.055783,0.676904
P18961,-0.326444,0.539787
Q9P7J8,-0.0575883,0.603574
P53839,0.00945042,0.570259
O14075,0.0438302,0.575221
P14068,-0.327393,0.50655
P30822,-0.30895,0.53036
O13516,-0.0404017,0.648526
Q09757,-0.175756,0.556232
Q9P6P5,0.0389281,0.638449
P36149,0.100485,0.610234
Q04958,-0.359704,0.592002
Q9USJ4,-0.0493172,0.657737
Q09839,-0.046432,0.58539
P23060,0.00999362,0.603116
P29704,-0.349437,0.580123
P36596,-0.22183,0.531095
O60159,0.129733,0.627567
P37020,-0.0280269,0.560726
P38011,-0.178641,0.600584
Q10281,-0.40153,0.560667
O94348,0.0201362,0.608976
P53039,-0.268294,0.564705
O13640,-0.37839,0.552692
P46985,-0.180342,0.520001
P36015,-0.143913,0.618079
O60073,-0.351701,0.541014
P35728,-0.0182037,0.663616
O94264,-0.188168,0.618297
O14164,-0.0980052,0.57961
P32497,-0.115369,0.629605
Q06506,0.152694,0.622642
Q9P7C0,0.0866512,0.606849
O13801,-0.366615,0.550457
P32770,0.0217202,0.618209
P32832,0.0142753,0.658329
O94522,-0.035962,0.644394
Q04311,-0.0937558,0.600516
O74977,-0.27727,0.536787
O43069,-0.286515,0.503516
P38862,-0.0844834,0.648818
Q9P3W6,0.0204809,0.678014
P38934,0.0260103,0.600799
P15807,-0.318078,0.51485
O14172,-0.211352,0.566078
Q05788,-0.216962,0.522576
Q9UTG1,-0.10071,0.60758
O94491,-0.272185,0.590735
P15365,-0.244825,0.571247
Q10358,-0.0980892,0.560172
P25560,-0.158821,0.609869
P23202,-0.359429,0.501172
O59827,-0.0900718,0.58138
Q10297,-0.302754,0.534262
P53067,-0.325241,0.59221
P52488,0.0173823,0.620118
O42939,-0.00953335,0.580399
P53838,-0.126147,0.616382
Q9HGM6,0.0561462,0.614872
Q9UTE4,0.073822,0.593805
Q03144,-0.183947,0.520901
P43591,0.0204675,0.59916
Q9UTC5,-0.177843,0.587494
Q9Y8G3,-0.0251639,0.579117
Q99257,0.0469923,0.647739
P25453,-0.00900951,0.646243
O42634,0.0277059,0.609803
O94660,0.11474,0.609885
P47016,-0.0177406,0.589933
Q9USN5,-0.0443432,0.668978
P33327,-0.0132617,0.57785
P53883,-0.0248755,0.613174
Q09100,-0.0423172,0.665391
P53322,-0.00406704,0.597272
Q10097,-0.0487991,0.568054
P40579,-0.0715881,0.66152
O14351,-0.238338,0.51148
P38297,0.151707,0.625464
Q9USY7,-0.0790691,0.571279
O14301,0.147695,0.606135
P46680,0.0210402,0.66531
P38748,-0.369915,0.601774
O13747,-0.2817,0.513067
P54838,-0.248617,0.616842
O13902,-0.1958,0.62137
P53088,-0.336441,0.522004
O94282,-0.238761,0.610643
Q12046,0.0114235,0.66531
P87126,-0.208608,0.536286
P00899,-0.362941,0.586833
O94582,-0.272591,0.493137
O14042,-0.224143,0.572498
P43557,-0.237026,0.572551
P32863,0.093938,0.609701
P41410,-0.185892,0.60942
O13752,-0.223007,0.535314
P47153,-0.264913,0.516046
P47122,-0.271532,0.554034
O42906,-0.106575,0.655564
O74557,0.00928009,0.673665
P38626,-0.256724,0.600144
P40032,-0.28773,0.599464
Q11120,-0.181083,0.546953
Q12400,-0.00692953,0.672423
O14214,-0.353636,0.507589
P53081,-0.0278339,0.640334
O94404,-0.234162,0.630586
O74846,-0.0401448,0.56891
P32844,0.0322363,0.573265
Q08162,-0.411517,0.575987
P37202,-0.0899803,0.583329
Q03834,-0.327555,0.518287
O74502,0.0960559,0.629652
P32565,-0.238649,0.624894
O74762,-0.15906,0.552691
P07251,-0.317149,0.595252
P24487,-0.114137,0.556666
P10614,-0.239622,0.622783
Q09736,0.134946,0.600203
P34237,-0.322469,0.500511
O59795,-0.0310297,0.591184
O94354,-0.174102,0.53432
P22768,0.0318979,0.663859
P36125,-0.219457,0.603143
P87155,-0.222558,0.620023
P53633,-0.0209818,0.59674
Q9UUN5,0.166663,0.638165
Q09866,0.0641704,0.687307
P38164,-0.0913212,0.551757
P53389,0.129359,0.587219
O94343,-0.275851,0.490481
Q11119,-0.286628,0.502836
P38237,0.0290245,0.605581
P25039,0.125908,0.612008
Q9USZ1,-0.348665,0.578446
Q05022,-0.321742,0.549448
O74835,-0.33038,0.566474
Q9C0V1,-0.075084,0.584582
P41948,-0.0128562,0.585613
P39524,-0.173316,0.596336
O94296,-0.356529,0.541819
Q12267,0.101305,0.614428
P41004,0.00502933,0.673983
Q9Y7L8,-0.326057,0.544629
P32905,-0.0456672,0.65996
Q08647,0.0379896,0.60373
O74343,-0.239493,0.597574
P79060,-0.0295917,0.568979
P32911,-0.210482,0.597934
P50086,0.00918157,0.638685
Q10311,0.0133818,0.603557
P87053,-0.257815,0.541537
P39014,-0.0155155,0.669381
O60058,-0.242015,0.622756
P32794,-0.100908,0.599068
O42858,0.0131198,0.677788
P39706,-0.0655708,0.569705
P36010,-0.087326,0.624479
P49740,-0.253116,0.530612
P33755,-0.0842698,0.573986
Q9P780,0.0595133,0.639844
P48015,-0.165374,0.639079
O14110,0.0444109,0.585154
P40970,0.000928576,0.614938
Q09925,0.0150977,0.620131
P09064,-0.0879495,0.576452
P56329,0.0329291,0.667881
Q09780,-0.249728,0.624923
P07277,-0.167907,0.553013
O42644,-0.0987589,0.563491
P28274,0.138572,0.638226
P87144,-0.20606,0.558709
P04801,-0.0721385,0.600582
P32361,-0.230832,0.596465
O94537,-0.392748,0.573383
P40560,-0.141651,0.648576
Q10225,-0.0818024,0.591479
Q9P771,-0.0619268,0.560212
P53835,-0.0223594,0.647516
Q9UT36,0.104386,0.612208
Q05584,-0.0895206,0.561121
P10505,-0.293926,0.610218
P38042,-0.277407,0.529775
Q06217,0.057486,0.638185
O14036,-0.0671964,0.579404
P40373,0.00906158,0.655284
P00498,-0.0910166,0.639313
O42871,-0.287863,0.588504
P38806,0.0109256,0.673859
P38961,-0.206088,0.531675
Q10257,0.0804703,0.599744
P40958,-0.0126395,0.600286
O14417,-0.140075,0.532418
O74516,0.0933555,0.665884
Q02648,-0.143943,0.597022
Q02336,-0.0412947,0.652694
Q9P7J7,-0.0396031,0.572319
O74781,-0.0461104,0.647409
Q05506,-0.228419,0.518724
Q9UTH9,-0.349148,0.58978
Q06053,-0.0840288,0.581714
Q02889,-0.0883911,0.555845
P79082,0.151353,0.611157
Q12251,-0.2074,0.58268
Q8TFH2,-0.067786,0.558094
P13663,-0.0481923,0.615866
P78780,-0.112368,0.55083
O94533,-0.0999546,0.657579
P42935,-0.385958,0.585791
O14053,0.020459,0.676531
Q06078,-0.0860617,0.561807
P28748,-0.356136,0.58888
P32836,0.0636604,0.631253
O94673,0.0399452,0.68541
P48236,-0.196872,0.635021
P37303,-0.26606,0.51311
O13940,0.118344,0.659852
P50085,-0.282526,0.526599
O94550,-0.255073,0.6162
Q09768,-0.36349,0.559644
P32477,-0.147498,0.602574
P19881,0.11241,0.620868
Q00472,0.0314449,0.655301
P38995,-0.192497,0.53867
O59666,-0.106785,0.557497
P38989,-0.402755,0.5701
P41003,-0.174181,0.593753
P31412,0.0735743,0.685182
Q9HDW6,-0.017374,0.624378
O13805,-0.163684,0.621393
P38702,-0.0497863,0.574835
P38623,0.121739,0.654865
O94547,-0.0504847,0.641928
P53011,-0.25915,0.611209
Q10099,-0.299132,0.596231
P38244,-0.251102,0.52441
O94479,-0.0779018,0.549735
P33328,-0.0104894,0.586981
Q92356,-0.0578285,0.560105
P10363,0.0727535,0.614671
O14215,-0.3111,0.53197
Q10078,-0.237256,0.612738
Q12003,-0.261945,0.526916
P28040,-0.21256,0.570853
P13382,-0.0555666,0.552397
Q06096,-0.283716,0.585592
O74990,-0.133806,0.566
P38066,0.11593,0.619343
Q9P7M9,-0.0161279,0.644412
P87177,-0.176446,0.558444
Q12220,0.00396066,0.65966
P23615,-0.252084,0.538495
Q09915,-0.0281496,0.616354
O74341,-0.0153701,0.557257
P39077,-0.0757987,0.539144
O14225,0.118776,0.611854
P35180,-0.0676589,0.558543
P32463,-0.243682,0.519419
Q10217,-0.242212,0.517435
P13586,-0.0526629,0.661317
O59868,-0.106412,0.554121
P23776,0.00178424,0.595151
Q9URU6,-0.0570135,0.575555
P38708,-0.212674,0.530032
O60155,-0.0445904,0.650961
P25621,-0.309917,0.50649
O43000,-0.0801565,0.548066
P40848,-0.143335,0.639544
Q02792,-0.243183,0.557982
O13286,-0.272204,0.610149
P53197,-0.0284486,0.650006
P41836,-0.00232981,0.599945
Q01939,-0.234886,0.617632
P17898,-0.171749,0.587819
O13901,-0.164978,0.558401
O13818,-0.388279,0.581301
P38717,0.0401395,0.656399
P34208,-0.255701,0.525479
P38147,-0.321525,0.503069
O14234,-0.378729,0.571858
P50077,-0.313584,0.496596
O42901,0.0425099,0.594295
P53224,-0.0258676,0.630129
P52492,-0.240473,0.561328
O00103,0.109794,0.61835
P40376,-0.170423,0.639226
P06245,-0.290561,0.554554
P32580,-0.033834,0.571144
O94445,-0.0470443,0.624819
P78965,-0.184509,0.540971
P41921-1,-0.213797,0.605346
P78750,-0.0715158,0.574355
P40362,-0.192998,0.552909
P25369,-0.400708,0.5533
P87308,-0.221114,0.597097
P48563,-0.0546798,0.664029
Q09853,-0.147768,0.586157
Q10056,-0.0956554,0.564707
P48562,0.0119813,0.594423
P38182,-0.00358453,0.620565
O94272,-0.00687448,0.574598
P50076,0.118694,0.631829
Q10254,-0.0840973,0.584113
P29468,0.0268553,0.675366
Q10295,-0.0686577,0.564703
Q02892,-0.304599,0.593841
O94659,-0.0487963,0.577204
O60163,-0.26125,0.61391
P10869,0.0804004,0.626955
Q09717,-0.0498936,0.564126
P41920,0.028084,0.652506
P40496,-0.0868623,0.595231
O42911,0.0996803,0.65938
O74878,-0.195265,0.628626
P53954,-0.110505,0.596543
O74457,0.0481794,0.680191
Q06504,-0.0144958,0.587114
O94266,0.0782577,0.612356
Q06490,0.138401,0.608009
P08431,-0.00283872,0.644722
Q9HDU5,0.103047,0.602703
P08566,-0.0764046,0.640724
Q9P7R0,-0.317209,0.508512
Q09750,0.00995847,0.663225
P22579,0.132833,0.608341
P53070,-0.351685,0.52114
O13670,-0.247436,0.511478
Q04432,-0.106417,0.564106
O74914,-0.231379,0.535676
P40215,-0.050874,0.65483
O14121,-0.0595479,0.615553
Q10489,0.086748,0.640139
P16387,-0.0510868,0.642991
Q9UUH3,0.00239076,0.623524
P42938,-0.230592,0.620601
Q12464,-0.284228,0.518827
O94692,-0.348048,0.583479
P17505,0.0602124,0.678643
Q9Y7R8,0.137747,0.601097
Q92353,-0.273215,0.541031
P43593,0.0101085,0.6443
O14180,0.0887482,0.603725
P38805,-0.174889,0.628337
P32179,0.0950925,0.685173
O94505,-0.351534,0.525703
P42940,-0.137982,0.556825
Q9UTH2,-0.0113403,0.587105
Q03441,-0.150268,0.575006
O74446,-0.218898,0.549803
Q08446,-0.0651304,0.627292
O59709,-0.11447,0.628639
O13918,0.0564864,0.635502
P20107,-0.0772824,0.600817
Q08417,-0.0730517,0.564302
O13780,0.0114128,0.583027
P08432,-0.128516,0.55888
Q9UQW9,-0.0456139,0.605472
O14217,-0.142515,0.629665
P07213,0.0595922,0.601604
P20053,0.144164,0.635361
Q9UTC7,0.0689003,0.590862
P36580,-0.0968677,0.643174
P14540,-0.106959,0.545226
Q09832,0.0167482,0.595759
Q04235,0.0452439,0.622881
P23254,-0.166172,0.526724
Q9URM2,0.160358,0.614385
Q09805,-0.305094,0.53981
P38932,-0.126701,0.569811
P39010,-0.292362,0.579698
Q09701,0.0207654,0.592257
P36421,0.089405,0.626913
O14055,-0.377915,0.577319
O74800,-0.139121,0.5781
P28627,-0.0336244,0.660468
O13877,-0.0444913,0.668763
P22139,-0.25875,0.561939
P09620,-0.0554565,0.63056
O60123,-0.176546,0.544303
Q99190,-0.358657,0.566008
O94511,-0.0689884,0.588973
O13970,-0.181358,0.633328
P32902,-0.277516,0.541309
P22068,0.0365919,0.670125
P00830,0.16557,0.619771
O60094,-0.255188,0.533341
P39985,0.0486622,0.680954
Q9UR39,0.0267029,0.676193
P53688,0.0320423,0.584579
O42915,0.0383404,0.61056
P53044,-0.152193,0.643475
P26659,0.0398298,0.599856
P06839,0.00493644,0.589358
Q9UT77,-0.261891,0.595809
P33893,0.0010972,0.584955
O14103,-0.0868838,0.585474
Q03691,-0.144097,0.549658
P04076,-0.335342,0.600134
P50514,-0.13958,0.564364
P53152,-0.257341,0.572425
O74983,-0.219793,0.524488
P38205,0.0259212,0.667845
O13935,0.00985628,0.579216
Q10177,0.132035,0.641576
P38925,-0.316892,0.522805
O94457,-0.0887471,0.565782
P32353,-0.302834,0.530956
P87109,0.0259222,0.575563
Q12204,-0.11207,0.577944
P15646,-0.38768,0.59041
P35551,0.0204086,0.581598
P32609,0.081771,0.596702
O13786,-0.216021,0.61865
P35194,0.0524931,0.574259
O60055,-0.105505,0.545402
P32191,-0.121776,0.657278
O14400,-0.0665814,0.568471
Q9P6N9,-0.345284,0.600554
P25625,-0.103376,0.552055
P29366,-0.254388,0.518352
P40996,-0.368539,0.574898
P32479,-0.11101,0.581795
P87314,-0.187605,0.54335
Q02753,-0.33994,0.612472
Q9UUC1,-0.248599,0.626098
O13849,0.136825,0.602996
P00729,-0.0402481,0.560274
Q9P6R0,-0.035343,0.674101
P29056,-0.0511386,0.664824
O13660,0.084366,0.691036
P40464,-0.291327,0.542284
P32657,0.165313,0.619312
O14139,0.114451,0.685412
O14233,-0.26775,0.528122
P25298,-0.218266,0.60073
O59772,-0.00720606,0.654666
P53937,-0.0980102,0.647202
P25808,-0.116878,0.567889
O74764,-0.252111,0.570358
Q09903,-0.103503,0.542446
P32892,-0.0914074,0.547285
Q06103,0.0796939,0.607309
Q10335,0.0464267,0.632404
Q9UUI5,0.0686675,0.597988
P40482,-0.251215,0.50834
P21374,-0.304274,0.529003
O74370,-0.0992212,0.571717
Q9HGL4,-0.136574,0.5505
P41814,-0.00873079,0.601802
P33075,-0.342576,0.549854
P07170,0.0662537,0.663324
P25608,-0.335802,0.620989
Q9P7F4,0.139198,0.634219
P47037,-0.0983983,0.661494
O42649,-0.304791,0.586081
P39904,-0.151964,0.561767
Q9UST3,0.123001,0.605173
O13793,0.0987286,0.602902
Q12029,-0.393028,0.6012
Q9UTL3,-0.0381148,0.643608
Q12189,0.0698444,0.583031
O14232,-0.240192,0.508444
P47047,-0.329353,0.531047
P35197,-0.300531,0.521975
O94601,-0.274256,0.523589
P53096,-0.323655,0.51038
O13298,0.0611207,0.687298
Q10055,-0.297894,0.497107
Q12099,-0.410115,0.577401
P36051,-0.132701,0.602571
Q8WZK2,-0.071812,0.552126
P47164,-0.160147,0.564028
O74314,-0.0849652,0.562411
P30655,-0.378169,0.562384
P30656,-0.0912524,0.644966
P31116,-0.0638252,0.569184
O94671,-0.222148,0.608858
P22189,-0.0149945,0.583033
Q01896,0.153707,0.607525
Q09682,0.0203868,0.689518
P23638,-0.0535707,0.672243
P28737,0.151811,0.617667
Q9P7J5,0.00375236,0.578517
P53868,-0.198461,0.583206
Q9P7Q9,-0.289954,0.515247
Q9P7Y7,0.0549135,0.654957
P32263,-0.273098,0.50107
P32783,-0.274965,0.584982
O74880,-0.228298,0.559638
Q12674,-0.0858542,0.642506
Q9UT43,-0.215542,0.625486
Q08220,0.0425631,0.584998
P35669,0.0851664,0.595605
P38811,-0.355697,0.56448
Q9HFE8,-0.122928,0.622554
O94429,-0.306345,0.560799
P39677,-0.0993371,0.582878
O14201,-0.167043,0.630416
P32907,-0.101333,0.535251
O43036,0.12355,0.612623
P46669,-0.253689,0.518038
P49626,0.170048,0.608447
Q9P784,-0.315888,0.592777
Q9C0Z7,0.0396386,0.6917
P0CX38,0.0583241,0.594641
Q9UT75,-0.138439,0.569674
P07884-1,-0.303656,0.565645
O74739,-0.138352,0.615308
Q02890,-0.32552,0.488735
P33201,-0.278334,0.630404
Q9USZ6,0.131467,0.635878
Q9P3T6,-0.0534809,0.577652
P26783,0.0894497,0.647562
Q10068,-0.0217033,0.671221
Q12496,-0.0465934,0.571037
Q10409,-0.179102,0.619863
Q12094,-0.116293,0.561922
P40498,-0.0652877,0.671339
O74974,-0.357298,0.561985
P43558,0.0854,0.610418
O13974,-0.248211,0.511895
P53946,-0.272907,0.52662
Q9Y7X8,0.086842,0.653636
P38998,-0.0837688,0.616148
Q09694,-0.204015,0.53967
P52920,-0.0717916,0.605937
O94442,-0.114771,0.623126
O13525,-0.26692,0.525496
O94453,-0.214681,0.631397
P33416,-0.256255,0.526953
O74402,-0.150175,0.549962
Q08649,-0.283439,0.51933
O94446,-0.0177255,0.563523
Q9P7N5,-0.0936134,0.655278
Q05791,0.0674948,0.603762
O13983,0.14662,0.626676
Q05549,-0.228352,0.609161
Q9P4X4,-0.13619,0.662097
P32602,-0.182692,0.643537
O13651,0.0252288,0.577792
P09436,-0.161978,0.527211
P20434,-0.0139463,0.669317
Q09191,-0.0855121,0.567047
Q10354,-0.0426325,0.601209
Q03697,-0.210876,0.629557
P41890,0.13468,0.613164
P38430,-0.320793,0.504195
Q04430,-0.350951,0.517779
O74962,0.0995205,0.595492
O14293,0.0773753,0.601755
P40047,-0.109392,0.632979
P05219,-0.264068,0.505956
P02557,0.0735218,0.611645
Q10478,-0.00724456,0.578448
P53969,-0.171469,0.53265
P12687,0.0875676,0.669242
Q9HDV5,-0.211639,0.519784
O42938,-0.301132,0.497791
P16862,-0.106487,0.633296
P39692,-0.168613,0.545447
Q09878,-0.370525,0.608885
O74732,-0.377935,0.56447
Q12452,-0.358133,0.521192
O94663,-0.121199,0.603079
Q12483,-0.250089,0.62798
O14243,0.110433,0.602112
P47057,-0.0996704,0.552496
Q9HFE5,-0.208441,0.553166
Q00776,-0.0156673,0.620407
Q03557,0.0767932,0.703664
O94509,0.119814,0.638109
Q99321,-0.145283,0.548411
Q09790,-0.10761,0.648612
O94631,0.0721702,0.618141
P25270,-0.307882,0.488119
P40035,-0.192777,0.565631
Q9P7V8,-0.296836,0.493442
O14023,-0.259677,0.595995
Q02908,-0.0197791,0.689997
O13872,-0.0466475,0.565041
Q02767,-0.270652,0.502885
Q05471,-0.0857512,0.590385
O13682,-0.186219,0.616515
Q9Y700,-0.347221,0.556269
P02992,-0.216136,0.530602
Q10329,-0.0723445,0.570941
P40303,0.0597531,0.621322
Q9P7M0,-0.326634,0.629397
Q02981,0.12074,0.608051
P17157,-0.315848,0.576111
O74456,-0.081909,0.607915
O74754,-0.316154,0.54568
P38077,0.0733297,0.702447
Q08278,0.00367487,0.630158
O60104,0.112988,0.657057
P36156,-0.172943,0.616368
O94524,-0.252442,0.642831
P06106,0.0243856,0.662681
O13326,0.0404177,0.593435
P40545,0.159333,0.605722
Q10184,-0.278581,0.611417
P53615,0.082687,0.606341
O94255,0.149276,0.615692
Q09764,-0.236666,0.525049
P53273,-0.263778,0.573383
P38921,-0.404923,0.607742
Q10442,0.00832882,0.643233
P36009,-0.154171,0.534607
Q03319,-0.177569,0.528815
Q12480,0.127946,0.60029
P78790,-0.0624039,0.557674
Q9Y7M1,-0.077505,0.562997
P39994,-0.0471003,0.683476
Q08193,-0.0465215,0.570375
O13692,-0.00423381,0.579952
P46655,-0.349983,0.586301
O13775,0.0696772,0.69704
P33767,-0.275604,0.536408
O59866,-0.0450448,0.663491
O60122,-0.184968,0.53675
P07285,-0.242842,0.517409
P25340,0.0455449,0.68688
P36209,-0.230029,0.513997
O74772,0.0778798,0.603058
P25337,0.0280659,0.610594
Q9Y7U9,-0.178929,0.535231
P21269-1,-0.150757,0.645049
P30597,-0.314622,0.504869
P08004,-0.0879402,0.574917
P15274,-0.111595,0.549307
P50998,-0.344404,0.507428
P78929,0.0831824,0.632868
Q03048,-0.335129,0.538103
P32264,0.105829,0.615085
O13810,-0.253697,0.516533
P47077,-0.27126,0.510254
Q92347,-0.261581,0.623904
Q9P7B2,-0.248226,0.58683
P0CX40,-0.261075,0.50357
P12866,0.126584,0.608046
P78966,-0.0658766,0.665316
Q12389,-0.211076,0.555626
Q09719,0.045627,0.573201
P11412,0.0070307,0.646558
O00091,-0.134942,0.647415
O13642,-0.321589,0.636167
P32875,-0.000598355,0.564312
P07286,-0.22188,0.541157
P42881,-0.0734045,0.677216
Q9US05,-0.183086,0.567258
Q06631,-0.0979305,0.646253
P78958,-0.195819,0.657459
P00360,-0.224596,0.520188
O94676,-0.257708,0.519796
P53254,-0.382419,0.605943
O59797,-0.252567,0.590942
P25293,-0.299747,0.515054
Q08208,0.00794735,0.687631
O13741,-0.175512,0.528413
P07799,-0.231754,0.597639
P04786,-0.261072,0.5787
P32857,-0.105,0.651959
O13989,-0.201123,0.63684
P39750,-0.220022,0.581631
P26793,-0.10361,0.545287
Q10227,-0.0624487,0.677685
Q03193,-0.076052,0.557334
P38972,-0.0579618,0.641246
O14228,-0.260847,0.526499
P87141,-0.32088,0.57266
P38873,0.162764,0.612494
P38796,0.0780536,0.685813
Q9P7D2,-0.346455,0.562172
Q10428,-0.027242,0.668789
P38903,-0.357125,0.607185
O13820,-0.0808566,0.577326
P54781,-0.106334,0.668189
Q10445,0.106755,0.605143
P14736,-0.26638,0.50072
P40528,-0.383668,0.54697
Q9UU86,-0.335481,0.545129
Q96WV5,-0.261968,0.577881
P53622,-0.260716,0.628362
P50107,-0.184581,0.554671
Q09751,0.0493081,0.707753
P25040,-0.176291,0.608906
P87156,0.12133,0.595623
P07257,-0.403929,0.619864
P78761,-0.165986,0.539439
P30771,-0.277334,0.511673
Q09820,0.0791945,0.699872
Q06102,0.0792903,0.605348
Q9UTD1,-0.211441,0.587711
P01120,-0.228755,0.565478
P08647,-0.316756,0.556494
P38753,-0.000518375,0.566513
O74749,0.0776937,0.595224
P19262,-0.291685,0.512943
O94681,-0.153691,0.532228
O74310,-0.0429591,0.568455
P53729,0.0308341,0.717227
Q1MTR3,-0.147533,0.657391
P40157,0.0347915,0.646125
O74736,0.10025,0.626368
P50947,-0.100108,0.615334
O60198,-0.054835,0.569541
P19358,-0.385663,0.610126
P46677,-0.0321932,0.572855
Q09813,-0.0981825,0.608145
O74445,-0.348983,0.518528
P53549,-0.0204392,0.690308
P38181,-0.319203,0.523778
Q9URX8,-0.031532,0.642099
P53941,-0.0455726,0.627584
O13823,-0.209539,0.575618
P35181,-0.250797,0.550991
Q9P7N2,0.114033,0.593742
P32495,-0.15996,0.544673
Q9P7H0,0.0846152,0.684907
Q10309,0.137246,0.614462
P40527,0.0157423,0.567258
P32480,-0.0478547,0.5973
O74309,0.0714477,0.589852
Q10206,0.0845218,0.706207
P32461,0.00711016,0.65243
P08525,-0.0990063,0.6349
P50523,-0.0885577,0.53891
O14159,-0.307828,0.654593
Q06147,-0.375932,0.605781
P23255,-0.0349477,0.588623
P87121,0.00756848,0.584383
Q92373,0.0432942,0.58594
P26754,-0.0189662,0.563995
P43550,-0.266622,0.515594
O74215,-0.199498,0.521102
P22516,-0.268887,0.576418
O14147,-0.0600226,0.704031
P32915,-0.228433,0.593157
P79088,-0.0585853,0.595887
Q10415,-0.0677322,0.55199
P35999,0.0841447,0.593403
P53962,0.0125896,0.665898
Q9Y7T2,-0.236468,0.570689
Q10488,0.069321,0.604451
P38071,0.104471,0.594082
Q09692,-0.243603,0.521771
Q12109,0.122226,0.594974
Q9UT95,-0.297353,0.524462
Q12298,0.0073784,0.69307
P38863,-0.0762083,0.681284
Q9Y705,0.0448326,0.635807
P37366,-0.0689142,0.707751
P36613,-0.205602,0.538452
O14209,0.0323842,0.728476
P47039,-0.223056,0.67084
O00087,-0.236271,0.613805
P09624,-0.232855,0.506641
Q02199,-0.100537,0.630351
Q09793,0.108652,0.599199
P40009,-0.0440652,0.554662
Q9USP2,-0.0377273,0.571732
P06168,-0.0211682,0.701765
P78827,-0.297993,0.660411
O74826,-0.215758,0.514967
P41735,0.061207,0.583152
P40151,-0.249587,0.641649
O13984,-0.106594,0.650752
P06773,0.0515632,0.599427
O43012,-0.0926469,0.634246
P20967,-0.122846,0.635231
O74378,0.0146258,0.649115
Q9US47,0.098258,0.615341
P38067,0.023504,0.648518
Q05946,-0.278,0.518268
Q9USN3,-0.386522,0.607825
P32793,0.0803102,0.59904
Q9URW6,0.0184576,0.562316
O94686,-0.104327,0.544974
P0CX26,-0.0476594,0.567672
Q9UT86,0.0537063,0.638836
Q12157,-0.244763,0.652025
O14236,-0.264355,0.623164
P53742,-0.169206,0.580661
Q08971,-0.231932,0.560895
O59727,-0.145558,0.678198
P21576,0.093253,0.605266
Q9URZ5,-0.317416,0.50541
P53904,-0.322149,0.497541
Q10235,-0.176486,0.676473
P49367,-0.1132,0.555829
Q9UT74,-0.242057,0.572921
P40506,0.0369792,0.592502
Q9USK7,-0.119419,0.680055
P38287,-0.00206595,0.588521
Q9UT67,-0.0792619,0.679308
Q06554,-0.0435013,0.574951
Q9UTL9,-0.15438,0.662629
Q04062,-0.0617552,0.677439
Q9US13,0.122274,0.631081
O42841,0.00668843,0.596292
P40533,-0.0818822,0.574221
Q92370,0.0121408,0.709536
P00937,-0.0172628,0.593162
O75005,-0.142357,0.631994
P07806-1,-0.31181,0.576107
P38786,-0.306624,0.511045
P87120,-0.337886,0.592948
P07263-1,-0.0755269,0.673022
O43011,-0.312892,0.51144
P22434,-0.220635,0.547015
P36599,0.0687509,0.701116
Q9C106,0.0949444,0.631527
P32349,-0.0218865,0.695012
Q12250,0.0946879,0.58688
P0CU18,-0.349809,0.513003
P46969,-0.323135,0.652035
O14105,-0.298923,0.624867
Q9UTE7,0.0173455,0.590889
P32559,-0.360148,0.640639
O43041,-0.317156,0.515163
Q03784,-0.226332,0.544408
Q12177,0.0640877,0.709708
Q9Y7K4,-0.107159,0.678601
P07284,0.0725285,0.603456
O14018,-0.0873283,0.554862
P54874,-0.34867,0.585828
P54839,-0.293417,0.641736
P53257,-0.0399099,0.589729
O94370,-0.0491569,0.552154
Q03151,-0.341738,0.603653
O74776,-0.182004,0.539318
P38248,-0.104382,0.536442
O74411,-0.203645,0.616362
Q9Y7P0,-0.209893,0.526377
P38145,-0.206572,0.518022
Q07824,0.0866022,0.71782
O74829,-0.142848,0.54285
Q1MTS0,0.12331,0.678038
Q12136,-0.15332,0.536951
Q9UUH2,-0.273698,0.600911
P38278,-0.195462,0.561281
Q9C1W8,-0.227614,0.518978
Q04119,0.0233854,0.5793
Q99383,-0.31504,0.507596
O94432,0.0713444,0.723507
P32584,-0.292199,0.496537
P87014,-0.283029,0.575089
O94436,0.154405,0.615317
P35189,-0.245159,0.520085
P21524,-0.193015,0.545381
P36602,-0.310772,0.507185
P38817,0.0363036,0.588906
P87157,-0.0288185,0.676179
O13903,-0.424548,0.63988
Q08285,-0.340453,0.592865
P25343,-0.193791,0.660169
Q9UUM7,-0.0974535,0.562809
Q01454,-0.0312197,0.603667
Q9C107,0.0562618,0.738539
P40350,-0.202693,0.53056
O60061,-0.0881559,0.703656
P14906,0.106165,0.58577
Q9HGN7,0.0264916,0.563398
Q9P6L6,-0.25646,0.663754
P14284,-0.00782925,0.569175
O43047,-0.112515,0.543256
P38523,0.121281,0.590266
Q12500,-0.293409,0.623243
O13943,-0.15816,0.525951
O74462,-0.323414,0.552925
P53040,-0.136309,0.594242
Q05029,0.010082,0.737625
P87317,0.0518625,0.645124
P0CX28,-0.223064,0.534862
Q9UTI8,-0.118179,0.66726
P39012,-0.248026,0.571755
Q9US48,-0.157713,0.581149
Q12091,-0.0463981,0.585915
O13995,-0.200025,0.69516
P32897,0.0275021,0.589024
Q9USM7,-0.303848,0.539287
Q9UTB5,-0.400492,0.651471
P39006,0.0361292,0.624267
P33892,-0.259232,0.601006
Q10105,-0.165908,0.665819
P49090,-0.416586,0.623839
P78753,0.0507854,0.57916
P36519,0.143244,0.618185
O14337,-0.218136,0.607287
Q06543,0.0467599,0.725104
O14443,0.0746002,0.57942
Q01475,-0.0823254,0.552568
P20606,-0.0291676,0.621229
Q09905,0.0332199,0.576877
P47064,-0.116835,0.629663
P35200,-0.216942,0.514394
O59707,0.0813376,0.588167
P40013,-0.195332,0.593992
Q10113,-0.142342,0.564747
Q9P7F7,0.132804,0.616162
P39929,-0.326792,0.653355
P42943,-0.0061485,0.572711
P87153,-0.324918,0.622824
P39939,-0.0191584,0.571511
Q9UT56,-0.0921006,0.551373
P40088,-0.142394,0.567468
Q09919,0.00495142,0.589404
O94501,0.0456494,0.75141
P12612,0.0338701,0.671642
O94292,0.0324415,0.74041
P35996,0.133976,0.666713
Q00055,0.0456806,0.608241
Q09845,-0.111297,0.565414
Q10425,-0.394122,0.649523
P06103,-0.0480601,0.622079
Q42598,-0.108205,0.555646
P16120,-0.193011,0.53169
P21734,-0.143323,0.541622
O74810,-0.0914492,0.644776
P45818,-0.0908671,0.716782
Q09775,0.13399,0.607081
P49435,-0.226689,0.617163
O42842,0.000781923,0.623349
Q9P6N6,-0.0200049,0.722435
Q07534,0.0296797,0.72877
Q9Y7M5,-0.140366,0.562602
P36520,0.0229493,0.633676
P04046,-0.0786312,0.562468
P41390,-0.17229,0.58492
Q9P7H1,-0.350219,0.59377
Q00684,-0.355113,0.653942
P23833,-0.0558226,0.668969
O42899,-0.242666,0.525583
P17610,0.0567735,0.612172
P38555,0.0882283,0.623178
P41318,0.113277,0.650942
O74184,-0.216313,0.609282
Q9UT44,-0.166138,0.553656
P54885,-0.133896,0.575264
P11325,-0.330282,0.645243
Q09828,-0.320492,0.501867
O94666,0.0284046,0.576378
P04051,-0.211061,0.517201
Q9UUE1,0.101142,0.628721
P32327,-0.295738,0.520113
P36621,0.0117449,0.583328
P17555,-0.00492885,0.608257
Q9USM4,-0.0975618,0.700918
Q07508,-0.0863086,0.545958
Q9P7G0,-0.127123,0.70003
P39744,-0.040623,0.562541
P40510,-0.219318,0.516745
P87228,-0.359496,0.60845
Q12692,-0.103317,0.699634
P48003,-0.28756,0.619682
P40961,-0.340158,0.648446
Q9P7H3,-0.0804963,0.729397
P41391,0.076629,0.592618
P11745,-0.105725,0.583505
P79010,0.0541394,0.583113
P04037,0.0602625,0.751885
P25582,-0.217263,0.512623
O42832,-0.0205362,0.553561
O94745,-0.0169228,0.59242
P11914,0.0705982,0.657758
P53235,-0.298909,0.529481
O74965,-0.318588,0.487755
P47943,-0.110827,0.70818
P10081,0.047709,0.731049
P50524,-0.299305,0.680135
P32496,0.0400881,0.749999
O94689,0.0239523,0.733458
P32843,-0.25067,0.506413
P0CT76,-0.334423,0.535954
P0CX30,-0.397185,0.586991
Q10286,-0.13794,0.555792
P30606,-0.187418,0.525711
P10964,-0.268584,0.556251
P15398,-0.163383,0.562185
P12683,-0.0859109,0.64014
Q10283,-0.00970669,0.736787
P40078,-0.372796,0.592491
Q9UU79,-0.338591,0.501255
Q9UT06,-0.0920361,0.670929
P38860,-0.374171,0.659012
P53303,0.0758076,0.752738
O13724,-0.114129,0.557583
P06704,0.134268,0.662057
O74435,-0.199869,0.669851
Q05892,-0.0375287,0.614672
O74482,0.128489,0.625872
Q12090,-0.179214,0.68387
Q9P7H2,-0.0349582,0.619655
Q09195,-0.114658,0.704944
P32462,-0.323107,0.495113
Q09173,0.0322807,0.684802
P39966,-0.368005,0.602428
Q10270,-0.00688265,0.579713
P18408,-0.371207,0.619525
O59771,-0.106035,0.612494
P15700,-0.205086,0.516604
P53063,-0.241246,0.575021
O13836,-0.323792,0.530353
O94469,-0.136844,0.58161
P33413,0.0529522,0.639765
Q06706,-0.322664,0.502536
O59704,0.0601916,0.604037
P47089,0.028521,0.700587
O42929,-0.337472,0.524067
Q10132,-0.104557,0.691909
P15496,-0.0544093,0.596153
P38074,-0.119332,0.554491
Q9URX7,-0.192096,0.627089
P32861,-0.105308,0.663903
P78811,-0.163456,0.592984
P47079,0.0213172,0.6581
P78921,-0.411379,0.617904
P32328,-0.11301,0.67019
Q09898,-0.181366,0.642228
P40481,-0.416007,0.647806
Q9UTQ8,-0.16518,0.556915
Q9UUK7,-0.157469,0.552028
P04161,-0.00363554,0.720252
P87148,-0.0972499,0.619862
P53845,-0.174611,0.540712
P21264,-0.0406364,0.68313
P15567,-0.267852,0.508888
O14062,0.0468457,0.727447
P48589,-0.101369,0.614901
P47075,-0.112936,0.543803
P78810,0.00231818,0.665091
P43588,-0.212304,0.519533
P41878,-0.145564,0.524141
Q12432,-0.208434,0.600876
O13953,0.0624547,0.624787
P46672,0.0717146,0.675478
Q9P6K7,-0.246402,0.688378
P42837,-0.272174,0.671323
Q7Z9H9,-0.0893164,0.687702
Q10233,0.0196393,0.685423
P22276,0.0545848,0.601617
P25451,-0.22755,0.522634
Q9Y7T8,-0.346096,0.574922
O13867,0.0909997,0.613599
P18562,-0.168888,0.67888
P30775,-0.224899,0.672399
Q09691,-0.081331,0.674625
Q9UUA6,-0.243074,0.526305
Q05521,0.0337045,0.583422
P41810,-0.106606,0.566551
Q9UUF7,-0.127473,0.68714
Q09196,0.00181376,0.572901
P53141,-0.333844,0.490991
P36620,-0.243973,0.587957
P07342,-0.342822,0.588007
Q08685,-0.00984433,0.696256
Q10299,0.106521,0.611788
O42984,-0.311346,0.644535
P14127,-0.144619,0.535166
P39954,-0.0843549,0.698551
O13639,-0.3045,0.652292
Q04217,-0.260832,0.684107
Q9HDY4,-0.15417,0.705501
P53732,-0.00685074,0.619019
O14182,-0.3152,0.567668
P05453,0.158795,0.600936
O74718,-0.27478,0.511262
Q9P6K1,-0.111171,0.549572
P38166,0.0358868,0.574934
P40454,-0.0194744,0.659763
O36016,-0.299899,0.51522
Q10181,-0.329368,0.498119
P23796,-0.358279,0.585972
P48363,-0.0209234,0.587677
Q10143,-0.355483,0.653906
Q05933,-0.161499,0.589051
Q9Y7J4,-0.0103905,0.705481
O13737,-0.0203612,0.578486
P25338,-0.274041,0.506452
P32910,0.00739773,0.634506
O94553,-0.106901,0.533615
Q9UUJ9,0.130023,0.625186
P32316,-0.0016293,0.734083
O74374,-0.0117242,0.650514
P37012,0.0701958,0.595542
P32598,-0.262203,0.648763
P13681,-0.0831395,0.563298
P42842,-0.340029,0.585353
O36033,0.0976279,0.641468
P06781,-0.153005,0.709878
Q10133,-0.130955,0.687527
P32529,-0.311315,0.501403
O94703,0.12088,0.623439
O14031,-0.171563,0.530284
P40897,-0.201794,0.68981
Q9P7K9,-0.253354,0.512819
P38694,0.108418,0.621936
P26370,-0.174774,0.652222
O59830,-0.174546,0.68744
P38913,0.0478786,0.670969
O74841,-0.272727,0.672475
P26321,-0.162725,0.612514
O74306,0.00504344,0.568097
O94399,-0.120685,0.704801
P53250,-0.298087,0.516975
P07991,0.0210603,0.641332
Q9P7L5,-0.351926,0.561913
O42945,-0.225484,0.60287
P53131,-0.338234,0.563574
P32579,-0.210814,0.675275
O94530,0.122775,0.603775
P53215,-0.193606,0.587462
Q9Y7T3,-0.31672,0.609956
Q12408,0.123329,0.61063
Q9C0X9,-0.226651,0.668746
P40479,0.00064024,0.608991
O13453,-0.0335294,0.592923
P0CU03,-0.0527823,0.707842
P39105,-0.0960435,0.543337
Q12122,0.0652218,0.734823
Q9Y823,0.0311345,0.732676
O74928,-0.0113341,0.600911
P38009,-0.312429,0.617755
P0CX24,-0.365522,0.520262
P0CT69,-0.141422,0.658253
O14169,-0.346313,0.505899
Q08959,-0.312477,0.642316
Q9UTR1,0.00334181,0.691482
P40469,-0.11007,0.566593
P28758,-0.342718,0.53511
P00445,-0.168012,0.575494
O42933,-0.360593,0.621768
P46971,-0.163163,0.598904
P47095,-0.166581,0.572759
Q9HE08,-0.0698317,0.597838
O74802,-0.303317,0.505362
P28817,-0.182799,0.516252
O59781,-0.406725,0.644277
P39722,0.0743923,0.629803
P43569,0.00403634,0.568058
Q7Z991,-0.315545,0.48343
O74415,-0.236448,0.53996
P34241,-0.133717,0.546811
P40069,0.106943,0.597888
O60100,-0.274912,0.506568
O14255,-0.227501,0.678272
P53008,-0.147509,0.562655
Q9HDX9,-0.244474,0.624832
P48525,-0.106645,0.62961
P40235,-0.0825773,0.640601
P29295,-0.350061,0.497274
P02994,0.0218011,0.586838
P0CT55,0.122741,0.602932
Q11004,-0.106667,0.582649
P53691,0.103323,0.607048
P22438,-0.134547,0.542681
O14000,-0.109795,0.599549
O13966,-0.134794,0.577964
P19414,0.122385,0.63253
P05501,-0.0279917,0.563593
P00163,-0.19415,0.651223
Q9P6K9,-0.263884,0.653996
P47120,-0.0462083,0.725024
Q10071,-0.0686803,0.566619
P47154,-0.319814,0.577269
P69771,-0.28702,0.512573
O60074,-0.143382,0.707217
P36048,-0.0379707,0.70662
O94316,-0.0264108,0.624456
Q09171,-0.201439,0.66871
P32473,-0.345181,0.644011
O60185,-0.036673,0.698169
Q06489,-0.172093,0.595353
Q92462,-0.271594,0.633965
P39940,0.0827018,0.647516
P87324,-0.395696,0.646917
P46957,-0.267695,0.673923
O74907,0.00594302,0.720631
Q06338,0.00485505,0.578843
P27616,-0.347456,0.585972
Q9UUB4,-0.340358,0.497023
Q9P6N2,-0.372483,0.6175
P53981,0.10698,0.603205
Q9HFE1,-0.335621,0.66082
P40988,0.0329065,0.737927
O59678,0.0414014,0.719946
Q08746,-0.19064,0.684233
P0C2H9,-0.290342,0.636453
Q9URX6,-0.193201,0.598184
P09232,-0.283555,0.514223
P40903,-0.247515,0.653762
P0CT84,-0.254847,0.547296
P0CX54,0.0250264,0.725897
O60071,0.0213854,0.620369
P38333,-0.31261,0.549989
P38132,0.10637,0.602225
O75001,-0.221355,0.529756
O14028,0.146505,0.611696
P53944,-0.113397,0.658845
P19097,-0.187631,0.545129
Q10289,0.149947,0.608791
Q92398,-0.165418,0.547158
Q00772,-0.381245,0.607806
Q12017,-0.198488,0.673954
Q9Y7L1,-0.0933444,0.621911
P30777,-0.3442,0.501758
Q9USN0,-0.254081,0.511795
Q06106,-0.364118,0.649156
O13620,-0.044118,0.715703
P32324,-0.195461,0.664817
O14460,0.121973,0.601609
P32459,-0.056622,0.56584
O13843,-0.123728,0.583506
P0CX52,-0.356411,0.584581
P0CT65,0.0371988,0.672242
Q06697,0.0477658,0.568984
Q9UUE7,-0.277367,0.533106
O74468,-0.198067,0.568694
P36150,-0.26996,0.524844
O14141,-0.18191,0.528326
Q99210,-0.304283,0.490362
O13830,-0.204252,0.682019
P34222,-0.20964,0.657473
P25045,-0.232595,0.506466
O59682,-0.202904,0.661336
Q10162,-0.0508196,0.549303
P25627,-0.116023,0.55136
P87142,-0.365771,0.644646
P38788,-0.353478,0.619675
P36775,-0.37368,0.559163
Q09769,-0.417606,0.608687
P15565-1,-0.244128,0.657477
Q9P804,0.0433455,0.734369
O74745,-0.269053,0.522013
P32629,0.0632348,0.575935
Q9P7S2,0.106204,0.622864
Q12377,-0.204065,0.564755
O94641,-0.0749901,0.564141
P31539,-0.427855,0.605152
O13687,0.0388691,0.5907
P22203,0.00416831,0.579989
O42652,-0.345235,0.630416
P23542,-0.158025,0.664196
P24783,-0.241581,0.570799
P24782,-0.390522,0.557852
O14073,-0.360221,0.5241
P18962,-0.0156095,0.714797
P32377,-0.144779,0.698637
O13963,-0.251991,0.627765
Q9USZ5,0.00378126,0.722443
P38334,-0.301819,0.535686
Q09817,-0.0852982,0.643855
P38861,-0.0332614,0.555572
P33339,0.151571,0.634268
O74458,-0.0988473,0.70099
Q02884,-0.0684656,0.653331
Q9USP1,0.0604237,0.606418
P15303,-0.0405552,0.606774
O74873,-0.42583,0.602245
P34163,-0.300477,0.641827
O74430,-0.25109,0.528668
Q10305,-0.0797741,0.652928
P39958,-0.170458,0.541571
Q07844,-0.262336,0.600795
O14325,-0.33999,0.483911
P02309,0.0114246,0.662921
P09322,-0.323033,0.626792
Q9UT16,0.0294847,0.707066
P22135,-0.00577593,0.703482
Q06010,-0.063796,0.584756
O14077,0.0911475,0.58571
P39522,-0.112828,0.595882
Q10318,0.0390068,0.718571
Q9C1X1,-0.327478,0.511389
P25635,0.0621441,0.604588
Q09154,-0.190655,0.68061
P08067,0.02148,0.6589
P38251,-0.269626,0.519382
O94697,-0.199282,0.557194
O74853,-0.0421934,0.574941
P53971,-0.0567868,0.577134
P54860,-0.187637,0.53205
Q9HE05,-0.399397,0.628908
P78773,-0.221424,0.682037
P52910,0.00845311,0.730878
Q9P7I9,-0.137876,0.654858
P32803,-0.154615,0.563053
Q9UST2,-0.100768,0.579232
P46972,-0.176405,0.566209
Q08822,-0.0276314,0.71925
P87111,-0.0999921,0.685758
Q12315,-0.116411,0.608208
O94652,-0.222326,0.580283
O94565,-0.259758,0.526145
P53966,-0.288299,0.526793
P0CU20,-0.0431826,0.713001
Q08913,-0.00370585,0.590262
P52918,-0.240464,0.505724
O14116,-0.0154985,0.555254
O14274,-0.0104038,0.626453
Q07648,-0.33974,0.505927
Q9UQW6,-0.225934,0.665894
P41338,-0.398705,0.541379
P38170,-0.133809,0.540572
Q9Y7R3,0.0118285,0.591318
O74908,-0.16255,0.570168
Q02825,-0.161644,0.549458
O59852,-0.269497,0.512169
P00724-1,-0.126903,0.700093
Q03337,-0.380589,0.618781
Q9P7N9,-0.0604183,0.583869
P38137,-0.415826,0.578103
O74976,-0.171095,0.634264
P46675,-0.0892147,0.556577
O94534,-0.0854587,0.65406
P31318,-0.233954,0.643664
Q01217,-0.138736,0.637493
P36614,-0.218839,0.544977
P20604,-0.134045,0.666569
Q8NIL3,0.0219035,0.58491
P38765,-0.0633397,0.547561
P47148,-0.0514226,0.621728
O74758,-0.126609,0.531611
Q10224,-0.248124,0.664497
P49957,-0.379509,0.505863
P39013,-0.0319538,0.722312
Q9USZ7,-0.136169,0.54657
P25586,-0.342213,0.64222
O74777,-0.0463443,0.591909
Q09720,-0.386187,0.626142
P22141,-0.277514,0.512205
P53915,0.00637739,0.620548
Q9C0W1,-0.0240635,0.586508
P50521,0.110031,0.61104
P17709,-0.180827,0.529046
P38630,-0.201624,0.654537
O60182,-0.0462906,0.707615
O74478,-0.117839,0.571615
Q03262,-0.236108,0.537683
Q07381,-0.198498,0.550114
O13956,-0.39891,0.608429
Q9URY5,-0.0240529,0.716582
P39676,0.0966643,0.60428
P87147,-0.220272,0.665924
P38879,0.012654,0.568305
P17076,-0.23067,0.52508
O13672,-0.39711,0.618696
P36059,-0.164606,0.566712
O94347,-0.186297,0.677937
O43048,-0.326899,0.539885
P53258,-0.321291,0.484294
Q9UQY2,-0.121656,0.572676
P23724,-0.32199,0.525401
P12904,-0.242718,0.524316
Q10343,0.0596332,0.669825
P25345,-0.301494,0.570411
Q9P6I0,0.0176425,0.584869
P23594,-0.160314,0.65457
P23636,-0.303406,0.527589
O60116,-0.305444,0.500434
P25332,-0.402524,0.573667
P00958,0.00886684,0.731228
Q9UUF2,0.0684876,0.584591
Q10142,-0.0586037,0.719083
P36107,0.0365079,0.602052
P49956,-0.192632,0.587461
Q9USQ1,-0.1838,0.616677
O14353,0.045095,0.590251
P48445,-0.281858,0.537843
O74799,-0.26576,0.52637
P38081,0.0128045,0.569031
Q9UTK2,0.155663,0.600147
P53875,-0.0323534,0.703665
P40495,-0.377199,0.498558
O14104,-0.384829,0.501848
P18900,-0.351199,0.603365
O43091,-0.334637,0.534424
Q9Y7I4,-0.39401,0.595527
P38179,0.0348503,0.709297
Q9HGP5,0.140965,0.609133
P13517,0.0370898,0.584369
Q9UTF6,0.0948293,0.60923
P00427,-0.207083,0.568683
O60126,-0.0786196,0.710894
P13099,-0.039668,0.710162
Q12116,-0.340582,0.519304
Q9HDY3,-0.266476,0.534723
Q9UT21,-0.232579,0.643323
P39729,-0.401382,0.519857
Q9UST8,-0.096761,0.596718
Q04740,-0.00989771,0.654163
O74766,-0.0981147,0.549258
P07275,-0.332858,0.48198
P05743,-0.130173,0.676257
P78946,0.114394,0.598151
O14459,0.0638952,0.602467
P34087,-0.0326335,0.567178
P87131,0.107676,0.613253
P53206,-0.0804396,0.562401
P13188,0.084363,0.64463
Q9Y7Y8,0.0478153,0.581277
Q08645,-0.111512,0.686862
O74742,-0.166632,0.694609
O59811,-0.256928,0.59116
P38344,-0.247016,0.624705
P50623,0.0577635,0.724359
P40984,-0.38425,0.533035
P42946,-0.176642,0.699089
O14267,-0.447343,0.6152
O74648,-0.223085,0.572323
P41734,-0.121807,0.54637
Q9P7M8,-0.185646,0.639033
P52593,-0.134511,0.708627
P40986,-0.299824,0.663476
Q9UUH0,-0.391775,0.611255
P47017,-0.152963,0.544321
P87173,-0.314748,0.633725
Q9Y7R4,-0.152589,0.541687
P38827,-0.117061,0.670457
Q9UUB8,-0.191488,0.530417
P32860,0.0652123,0.619143
P32469,-0.171656,0.56015
O74898,-0.15832,0.663818
Q12702,-0.159273,0.602765
Q00362,-0.169885,0.687664
Q09711,0.0377626,0.615056
Q06389,0.0361559,0.645472
Q07895,0.0241807,0.638747
O94439,-0.0685888,0.715941
P40386,-0.187707,0.605928
P41835,0.00410094,0.730466
Q8TFF9,0.116954,0.634219
P22580,-0.147697,0.624709
O43051,-0.22359,0.529988
Q99207,0.00406818,0.585119
P14126,0.0939871,0.597173
P40372,-0.0533529,0.706373
Q9P7X8,-0.19379,0.52828
P22138,-0.249683,0.642966
O74552,-0.306484,0.624079
P34110,-0.181644,0.533446
O14187,-0.0436925,0.689949
P33334,0.143368,0.620152
Q04272,-0.274217,0.657221
O94318,-0.197416,0.526844
P40302,-0.168893,0.5268
O14250,-0.258989,0.596215
P32639,-0.312687,0.497996
Q9UT24,-0.234483,0.575354
O60081,-0.0572899,0.719965
Q03496,-0.0288624,0.593704
Q12463,-0.319807,0.517648
O94636,-0.207022,0.55697
Q10138,-0.297969,0.639123
Q06705,-0.0304207,0.720707
P08091,-0.213683,0.525382
P24031,0.016161,0.704318
P39515,-0.35867,0.497905
P87130,-0.25725,0.662357
P13433,0.0613125,0.583411
O13993,0.145492,0.60085
Q08096,-0.354821,0.525851
Q09870,-0.075351,0.554776
Q09924,-0.147686,0.560667
P12754,-0.209868,0.613488
P51601,-0.404215,0.627494
O13774,-0.404959,0.604579
Q06708,-0.290685,0.635245
P87145,0.0396914,0.737524
P32628,-0.0795647,0.548302
O74803,-0.340546,0.594402
P33331,-0.0306954,0.728947
Q10100,-0.0782269,0.716645
P36163,-0.074217,0.543851
Q9P7G4,-0.0499253,0.596019
Q01852,-0.136957,0.544954
O60084,-0.159735,0.678647
Q9Y7T1,-0.289447,0.658084
Q04372,-0.0144301,0.733528
P08019,-0.245125,0.515365
O60087,-0.0073216,0.703836
O94283,-0.00774314,0.57792
Q04651,0.0714673,0.649296
O74484,-0.0584461,0.702975
P41940,0.0383982,0.72201
O14455,-0.122992,0.567956
O94658,-0.190815,0.583469
Q12383,-0.223496,0.530848
Q9UTH1,-0.141285,0.618774
P37254,-0.273647,0.532901
O94277,0.0715337,0.715327
P25694,-0.1063,0.647862
Q9P3A7,-0.0188702,0.723623
O74555,-0.319347,0.490108
Q12186,-0.00520397,0.564527
O94258,-0.292804,0.524017
P33418,-0.32666,0.576312
P40459,-0.131001,0.703175
Q09673,0.0573523,0.599306
P15436,-0.0461305,0.71589
P30316,0.0304697,0.57507
O94361,-0.352082,0.495987
P38226,-0.345788,0.612458
P36528,-0.302953,0.515567
O94398,-0.0539356,0.721121
P38886,0.00314048,0.588251
O94444,-0.0953925,0.603526
Q03330,-0.0882459,0.556962
Q9UUK2,-0.315394,0.509448
P36597,-0.0905802,0.604658
Q07748,-0.219012,0.532866
O74890,-0.157189,0.633841
P48527,-0.0456689,0.675326
O60146,-0.319341,0.635779
P38329,-0.0943978,0.657997
P32454,0.123653,0.614819
Q9USX1,-0.110686,0.557919
O60052,-0.0988248,0.652005
P29703,0.123602,0.603336
P38747,-0.405983,0.624102
Q9UUK3,-0.0507234,0.721957
O74400,-0.140779,0.534875
P37838,-0.049446,0.560324
O14224,-0.118196,0.710412
Q12434,-0.159535,0.705145
Q09785,-0.152559,0.546234
P49095,-0.0533063,0.578025
P06105,0.0491463,0.606127
O59810,-0.0236729,0.680144
Q03640,-0.257899,0.535049
Q9UT00,-0.212786,0.522735
P10862,-0.301065,0.657887
O74747,-0.159379,0.530925
P27514,-0.358057,0.593273
O59712,-0.149901,0.521138
O14006,-0.0472989,0.648567
P38120,-0.379213,0.545207
Q09841,-0.123743,0.543448
P25043,-0.238507,0.514815
Q9P7X7,-0.234517,0.513581
P80428,-0.290198,0.541349
O42645,-0.418272,0.611913
P31386,-0.328617,0.669764
P43123,-0.0267797,0.720246
O94617,-0.212436,0.579955
P32771,0.0120075,0.568797
O74540,0.0493249,0.693631
P49775,0.0664051,0.647672
P49776,-0.225002,0.528833
P18253,-0.273697,0.607966
P14832,-0.424707,0.592691
Q12004,0.0890356,0.676262
O74366,-0.0452526,0.745919
Q04307,-0.208663,0.706316
O13896,-0.117949,0.61344
Q10202,-0.124069,0.707156
P20447,-0.11696,0.711102
P79083,0.00348144,0.603081
P40217,-0.176765,0.625445
Q08826,-0.348962,0.485889
O94291,-0.0168912,0.611295
Q9UTI7,-0.350029,0.499442
P06785,-0.453883,0.635965
P38682,-0.207625,0.53537
Q10367,0.0419469,0.602908
Q10256,-0.116163,0.728866
P40087,-0.292526,0.497134
Q10191,-0.125426,0.590464
P34078,-0.255347,0.511883
O74562,-0.231491,0.68892
P32855,-0.179649,0.665782
Q12488,-0.0478589,0.560228
Q9P7X6,-0.0713531,0.545928
P09938,-0.301445,0.667937
P36603,-0.35169,0.484935
Q00873,-0.390337,0.634627
O13962,-0.343862,0.566148
Q9USY2,-0.00506658,0.699411
P49960,-0.160609,0.70655
P38920,-0.308174,0.667092
Q9P7W6,-0.0934773,0.550863
O94365,-0.277158,0.505603
Q04305,-0.021738,0.56416
Q12165,-0.154539,0.522414
Q9P6R6,-0.104749,0.575703
P27351,-0.211203,0.539293
O43005,-0.228971,0.655947
P32567,-0.0442138,0.625965
Q9UUJ6,-0.0429219,0.580438
Q04149,-0.0614704,0.548637
P87231,-0.271924,0.511585
P39730,-0.133852,0.604827
Q10251,-0.130621,0.547579
Q9P6M9,-0.26118,0.505856
Q04599,-0.181095,0.525529
P04456,-0.0107317,0.570871
O74391,-0.302565,0.666968
Q02642,-0.308104,0.649922
Q92371,-0.220642,0.509041
Q12676,-0.150781,0.72889
Q9UTD0,-0.206943,0.717865
Q9UU93,-0.30473,0.559699
P25296,-0.178988,0.628238
P39078,-0.0783341,0.742499
P50999,-0.0720504,0.622321
P38249,-0.13442,0.527383
O74760,-0.175882,0.539531
P04913,-0.481371,0.620654
P02294,-0.302808,0.484246
P53538,0.0469772,0.718895
O42868,-0.125937,0.623601
O13958,0.00339446,0.764411
P39073,0.0966719,0.629258
Q92375,-0.0977285,0.543916
P29509,0.0292033,0.748426
Q9USJ1,-0.248075,0.692145
Q08686,0.0458253,0.724508
Q04053,0.100636,0.597289
O60107,-0.228873,0.520654
Q07350,-0.24502,0.519457
Q9P7L8,0.0694491,0.666083
Q10146,-0.0134237,0.608045
Q12149,-0.0117995,0.755094
O94650,0.00351827,0.594634
Q6Q546,-0.199005,0.688382
P53264,-0.0562415,0.546258
O14249,-0.283294,0.620931
O74113,0.113577,0.604972
Q08032,-0.4189,0.58071
Q9UT61,-0.130566,0.547636
P22855,0.00206627,0.676044
O74752,0.107805,0.621365
P25491,-0.00852683,0.564091
O59823,0.023236,0.691777
P32610,-0.235211,0.658865
O13705,-0.12064,0.65775
Q06245,-0.00699731,0.568024
O13770,-0.0481754,0.754393
P39704,-0.153042,0.733097
Q09826,-0.229963,0.520889
P38314,0.0273605,0.729262
P48526,-0.103008,0.649909
Q9USL3,-0.0575231,0.694572
P53163,0.0542141,0.749546
Q9USJ9,-0.278582,0.511609
Q8TFH1,-0.365176,0.571733
P0CX50,-0.290321,0.677062
P53829,0.133843,0.599289
Q92368,0.0118506,0.61105
P48510,-0.273711,0.577806
Q10169,-0.371864,0.658505
Q08954,0.142345,0.599219
Q9UTP4,-0.185601,0.58746
P32368,-0.0233141,0.643931
O60162,0.124119,0.61002
Q99181,-0.284809,0.50403
O14102,-0.123614,0.716206
P32774,-0.322427,0.488711
O74948,-0.256925,0.544908
Q9US45,-0.165482,0.71922
P38782,-0.391111,0.606714
Q08144,0.0701805,0.645012
Q9P6P1,0.00568075,0.699059
P36100,-0.159057,0.537151
Q9P3W1,-0.205389,0.516896
O60179,-0.264799,0.518141
P42945,-0.31028,0.563357
Q99271,0.0235506,0.589185
O14123,-0.283789,0.642397
O14344,-0.283616,0.604843
P50094,-0.0194786,0.587985
P38836,-0.0217185,0.727582
O74818,0.106516,0.585497
O13923,-0.19517,0.714613
Q06440,-0.0465225,0.748389
P47111,-0.101818,0.608813
Q9UUH1,-0.409014,0.5813
Q9UUA1,0.0807518,0.643021
P38755,-0.379344,0.632755
P79016,0.0120322,0.763036
P07281,-0.132054,0.67769
P43556,-0.236335,0.561475
Q09697,-0.286813,0.554133
P49166,-0.305475,0.646474
P05733,-0.0252848,0.558606
Q9UTL7,-0.100588,0.73368
Q08726,0.14486,0.608938
P07260,-0.141436,0.538831
P78954,-0.0729105,0.65153
O14349,0.0194459,0.607301
Q99312,-0.170176,0.5262
P22137,-0.194826,0.596863
Q10161,-0.243552,0.68163
Q09816,-0.282599,0.507059
Q07938,-0.305493,0.663314
O13742,0.0936264,0.675914
P32563,-0.344653,0.684407
O74397,-0.202203,0.519423
Q04489,-0.038766,0.562371
Q10351,0.0406413,0.598573
Q04080,-0.0200284,0.666178
P40185,-0.369396,0.533517
O43003,-0.11832,0.728498
P40012,-0.164218,0.536301
Q10062,0.0206269,0.688076
P10566,-0.181309,0.604419
O14281,0.0160256,0.616837
O94313,0.175336,0.624808
P03965,0.0460299,0.769153
Q9UU90,-0.016417,0.566366
P28005,-0.317695,0.483886
Q12126,-0.150618,0.530604
P06242,-0.361314,0.493022
O13848,-0.307601,0.491454
Q07551,-0.0359765,0.741158
O13745,-0.183333,0.725118
P32776,-0.366183,0.607568
Q12275,-0.238165,0.516536
Q10250,-0.433403,0.642977
O74783,-0.298324,0.49662
P24814,0.0485337,0.700964
Q08601,-0.256794,0.640879
O74477,-0.252786,0.710383
O43076,-0.0394711,0.5584
P40486,-0.3694,0.511378
O94437,-0.324116,0.641474
P53219,-0.204803,0.714872
P32527,-0.407441,0.639004
Q9Y7I8,-0.207976,0.72052
P08456,-0.205124,0.522947
O94584,-0.144807,0.544443
O74440,-0.0993721,0.693235
Q08723,-0.308839,0.525453
P35178,-0.330145,0.49206
Q9Y7M6,-0.247597,0.63663
P25515,-0.1842,0.607882
P50515,0.00521318,0.569351
O13610,-0.175684,0.571516
Q05498,0.0191764,0.577064
Q05911,0.148951,0.607253
O60105,-0.14181,0.727835
P35196,-0.453804,0.66481
O14171,-0.0827751,0.752153
O94418,-0.0637089,0.697425
P34077,-0.00631394,0.579632
O13912,-0.158776,0.735153
P53925,-0.0344598,0.641751
Q9HDW8,-0.00972887,0.615645
Q02784,-0.413554,0.653124
P14965,-0.103847,0.5586
P03962,-0.396146,0.642538
P46960,-0.306932,0.489755
P20133,0.103627,0.5959
P53091,-0.226948,0.529735
P49731,-0.376738,0.661492
Q10298,-0.233168,0.70462
P32838,0.0452541,0.585351
P0CG63,-0.0674982,0.669086
P0CG72,-0.06234,0.679209
P39707,-0.424187,0.595894
O60156,-0.0961176,0.546202
Q9UTT1,-0.330622,0.5937
P50101,-0.277603,0.62029
O74533,-0.0922435,0.563808
P00128,-0.378701,0.611816
O74536,-0.115295,0.58531
P06782,-0.36401,0.578822
Q9P7Z3,-0.184951,0.522909
P40516,-0.408933,0.539935
P33202,-0.346496,0.596922
Q10435,-0.201449,0.556916
O94242,-0.200114,0.713313
P15179,-0.104614,0.605081
Q9UUJ1,-0.0657942,0.750827
P32381,-0.362779,0.498205
Q06668,-0.17532,0.720098
O43033,-0.270863,0.60094
O94238,0.139957,0.604502
P38754,0.0528834,0.58323
Q9UTJ8,-0.0400421,0.724145
P12753,0.00895742,0.689729
O14230,-0.0355598,0.75468
P08524,-0.386658,0.546304
P53973,-0.223247,0.520973
P56523,-0.115637,0.681276
P47173,0.130447,0.604591
P41888,-0.331701,0.484631
Q1K9C2,-0.100628,0.628638
P47169,0.062445,0.658789
P09798,0.118897,0.60934
P41889,-0.0413312,0.653669
O13696,0.0401103,0.580233
P28834,0.152795,0.601766
Q09837,-0.079201,0.540033
Q04174,-0.182418,0.518046
Q9UTK0,-0.103867,0.750207
Q08444,-0.142377,0.694647
Q09885,-0.381067,0.617199
Q05515,0.00438945,0.637768
O14057,0.00624687,0.769138
Q07729,-0.179952,0.648282
P32452,-0.114589,0.693639
O14361,0.0715534,0.717219
O42646,-0.223034,0.511707
P33296,-0.171048,0.590304
P20772,-0.178673,0.626625
P07244,-0.286866,0.491434
Q9C0Z0,-0.428135,0.590358
P32837,-0.234879,0.519408
P35497,-0.168228,0.72593
P36624,-0.293186,0.666402
P40884,0.019044,0.711975
Q9P6J3,-0.36574,0.663934
P05374,-0.139122,0.569923
O74787,-0.0568488,0.747417
P40553,0.12621,0.618978
O94561,0.0957735,0.585291
Q10349,-0.405683,0.656945
P33330,-0.140495,0.536795
O36023,-0.0807287,0.560022
P32457,-0.245633,0.702099
Q9UTI0,-0.283088,0.677258
P20051,-0.0464015,0.553891
P06101,-0.222277,0.677971
O94740,-0.239117,0.606646
Q9UT88,-0.179703,0.528816
P24521,-0.198156,0.596915
Q03148,-0.11855,0.737396
O14027,0.0283029,0.613929
P32332,-0.282444,0.686173
Q9UTN1,-0.178713,0.546173
O60137,-0.146721,0.640498
P36104,0.102696,0.589224
P33775,0.00704993,0.624007
O13898,-0.164051,0.573309
P31334,-0.31951,0.676328
Q9P6P6,-0.301488,0.498244
P53095,0.106058,0.591098
Q9US35,-0.277183,0.687347
O74828,-0.25759,0.510454
Q06344,-0.0930823,0.734287
P17871,0.0884416,0.654461
P13393,-0.128572,0.713544
P31317,-0.114571,0.704456
P05150,-0.0990857,0.700296
Q9Y7U6,-0.308156,0.684257
P51862,-0.360256,0.528791
P32318,0.134393,0.617352
P40998,-0.0512709,0.639273
P40370,-0.267693,0.64445
P00924,0.00355244,0.751512
P53840,-0.057208,0.596338
Q9UUM2,-0.3289,0.587
P24280,-0.265054,0.687791
Q10137,-0.150522,0.541531
Q9USW4,-0.243658,0.586645
P38318,-0.0172785,0.745323
P40483,-0.0532207,0.561872
Q9US12,0.025201,0.664003
Q9Y7Z3,0.0319574,0.590746
P31787,-0.0424299,0.728179
P25566,-0.0374781,0.560189
Q9Y7K1,0.0663337,0.586873
P12887,-0.1034,0.732531
O74834,-0.234444,0.700356
Q03786,-0.0580839,0.713475
Q10242,-0.258732,0.52941
Q9UTB2,-0.359989,0.580272
P38705,-0.135311,0.650553
Q02895,-0.328003,0.664913
Q9P7U2,0.0512042,0.681751
Q08235,-0.375031,0.66159
Q9HGL6,-0.232476,0.660169
P05317,-0.436801,0.596965
O74864,-0.369319,0.615131
O74847,-0.352196,0.510052
P53157,-0.0365653,0.611746
P38962,0.00867061,0.556426
Q9Y7K7,-0.303124,0.480988
Q04401,0.0392849,0.739874
Q9P7Y2,0.0869907,0.587135
P40997,0.0790514,0.605434
Q01159,-0.161208,0.533064
Q05902,-0.450865,0.654886
Q9US04,-0.214806,0.624278
P05759,-0.293647,0.689606
P0C8R3,-0.395796,0.538209
P46990,-0.227766,0.534145
O14339,0.0107806,0.754805
P12689,-0.332315,0.622825
O94623,-0.198612,0.662716
Q12176,-0.150963,0.679978
O36021,-0.0974093,0.734855
O74421,-0.296585,0.510679
P27680,-0.10578,0.624123
P40165,-0.187359,0.579167
O13725,-0.345878,0.670444
Q9UUC8,-0.198774,0.700112
Q06090,-0.243168,0.666421
O94385,-0.401904,0.509928
P39685,-0.328158,0.488952
P39109,-0.113075,0.719933
Q10185,-0.27238,0.555176
P33204,-0.217261,0.709533
Q92352,-0.0458284,0.682265
O74918,-0.0939864,0.745333
Q05636,-0.0112835,0.762454
P53599,0.0235657,0.576701
O14299,-0.0505153,0.557713
O14144,0.0438893,0.7073
P27882,-0.309655,0.501173
Q03254,-0.411715,0.636227
Q9P376,-0.0215355,0.674214
P08466,-0.173549,0.624379
Q10480,0.0367238,0.646559
Q86ZR7,0.155206,0.598175
O14165,-0.0613425,0.562475
Q9UTI5,-0.424575,0.643055
P38759,-0.016977,0.645525
O59801,-0.0734298,0.551079
P35207,-0.0730486,0.549902
Q12019,-0.0397112,0.569808
O94248,-0.150163,0.609119
P07283,-0.112727,0.581742
Q9UTJ2,0.0196237,0.601884
P04819-1,-0.068822,0.601232
P12000,0.130205,0.616232
O13947,-0.433337,0.616971
Q12093,-0.23783,0.659704
P20448,-0.0913714,0.547438
Q9UTP9,-0.140851,0.524487
P0CT97,-0.335602,0.684742
P41930,-0.2176,0.528749
P53078,-0.393886,0.527281
Q09893,0.103934,0.593455
Q12402,-0.0918199,0.719961
Q9UU91,-0.304761,0.502235
O94476,0.0104484,0.772488
Q12522,-0.264444,0.539742
P36120,0.0984605,0.641073
O60173,0.0571698,0.750192
Q01662,-0.2404,0.55504
O59730,-0.159887,0.642703
O13282,0.0938452,0.600457
P38129,-0.21962,0.507305
P0CT78,-0.112587,0.535414
Q3E757,-0.350065,0.553876
Q09738,-0.204007,0.508494
P50102,-0.0739096,0.535512
Q09704,-0.170015,0.750379
P38792,-0.0996877,0.582268
P21565,0.0473973,0.577683
P20424,-0.225215,0.642908
P43122,0.0169566,0.607035
O94710,-0.0670543,0.630921
Q9P7D3,-0.118971,0.758102
P12611,-0.167379,0.569362
P37297,-0.254258,0.50803
Q9USR3,0.00207093,0.561155
O94616,-0.114214,0.602432
P07703,-0.316323,0.652769
O94350,-0.0923632,0.612059
P53101,-0.0617827,0.624384
O13917,0.1175,0.606934
P47165,-0.332804,0.711084
P53045,-0.253989,0.517006
Q9UUH4,0.0131408,0.615939
P40186,-0.400377,0.615633
O42979,-0.298558,0.638151
Q9Y7P4,-0.333366,0.71276
P32611,-0.116448,0.560798
P87123,-0.0692893,0.578803
P38902,-0.0315417,0.576139
P28745,-0.194798,0.524282
P21827,-0.0493796,0.767626
P36145,-0.0644562,0.636767
P79011,-0.413975,0.59604
O94241,0.0497074,0.579281
Q12509,-0.336765,0.683345
Q9P786,-0.37861,0.706503
Q02046,-0.288864,0.494373
P32317,-0.0911735,0.790583
O42895,-0.426577,0.632744
Q12487,-0.0793403,0.538628
O60118,-0.28813,0.488655
Q9US03,0.0310615,0.67755
P17119,-0.23637,0.497951
P22774-1,-0.0569945,0.774776
P0CS90,0.041783,0.578092
P33322,-0.232196,0.751244
O14007,-0.160569,0.598307
O94581,-0.272484,0.742696
Q01519,-0.0848927,0.59283
P40339,-0.155788,0.769886
O94449,-0.209719,0.743062
P00815,-0.173082,0.648387
Q9P777,-0.351169,0.699406
Q09746,-0.169189,0.640618
P38822,-0.0383358,0.567277
P53686,0.00646082,0.569593
Q9USN7,-0.419119,0.636692
Q09748,-0.0761903,0.546729
P54861,0.0184972,0.777419
P22007,0.129002,0.604283
O13782,-0.0431751,0.798621
Q04225,0.0383164,0.609881
Q9P783,0.129948,0.589021
P87303,-0.297401,0.618208
Q02939,-0.286859,0.491837
P53313,-0.356614,0.561676
Q10342,-0.323385,0.505646
P48353,0.060411,0.624346
O13633,-0.110005,0.630645
Q9P774,-0.0172051,0.69404
P15938,-0.0153559,0.815335
Q10198,-0.0105707,0.818957
P40460,-0.262938,0.509053
O74859,-0.00560695,0.812492
Q08702,-0.1511,0.562452
O74892,-0.0266853,0.688094
P25443,-0.242292,0.512651
P23644,-0.144593,0.530186
O13656,0.104432,0.588791
Q9P4W9,0.0683117,0.673563
P0CX36,-0.0892576,0.633918
Q9HDZ7,-0.108224,0.540466
P43601,-0.228139,0.511049
P35718,-0.0326748,0.816263
O94285,-0.382259,0.57287
Q9P6J7,-0.105028,0.538925
Q08902,-0.247463,0.735489
Q02099,-0.219227,0.770126
P38111,-0.263648,0.562148
P78817,0.0678606,0.607346
P50108,0.0838929,0.582812
O94536,0.0600519,0.62908
Q06698,0.00523959,0.569241
Q00955,-0.233784,0.775066
P78820,-0.114623,0.725875
P36012,-0.197499,0.560314
Q9Y812,-0.286691,0.735639
P36604,-0.0508019,0.770376
P16474,-0.00998655,0.589909
P09457,-0.344561,0.700364
O74479,-0.302228,0.495176
Q06839,-0.372957,0.714078
Q9Y7N9,-0.287433,0.710605
P79015,-0.0658704,0.552189
P38061,-0.333349,0.582997
P06104,-0.334034,0.501957
P23566,-0.329445,0.488056
P36585,-0.144624,0.696418
P02406,-0.325699,0.552984
Q9HGN1,-0.30904,0.530331
P15442,-0.221022,0.508658
O14093,-0.132212,0.755038
Q12071,-0.155118,0.794972
Q9C102,0.0273007,0.804805
Q12680,-0.268246,0.511026
O60135,-0.100132,0.540945
P30624,-0.193523,0.617271
Q9UT97,-0.238349,0.514694
P32379,-0.190184,0.547133
P17423,-0.194636,0.785615
O43056,-0.0576319,0.784476
O14189,-0.0898432,0.576008
Q12511,-0.361986,0.672593
P53860,-0.317114,0.502759
Q9UU99,-0.113405,0.530232
P36605,-0.328289,0.649615
P07172,-0.364573,0.491587
Q9UT07,-0.26922,0.490797
Q05776,-0.256677,0.497357
Q12341,-0.111754,0.569024
Q9UTM7,-0.305252,0.488036
O74553,0.0900103,0.600106
Q06063,-0.207281,0.509009
Q9Y7Z5,-0.439738,0.716368
Q12164,-0.155294,0.52919
P15454,-0.202289,0.53657
Q9P6I5,-0.155959,0.799741
O59865,-0.109889,0.537065
P0CX32,-0.357911,0.486259
P33299,-0.14987,0.520164
O42931,-0.148857,0.524061
P87115,-0.0352291,0.803273
P53914,-0.0683411,0.840138
Q10176,-0.0791676,0.561636
P41543,-0.311179,0.527769
P00447,-0.123355,0.651414
Q9UQX0,0.109547,0.634374
P36579,-0.257183,0.497746
P19146,-0.00711814,0.671943
Q9P7F8,-0.0773763,0.55085
Q12154,-0.131628,0.598413
Q00764,-0.384239,0.755151
P40387,-0.244646,0.500893
P35817,-0.116868,0.537638
Q9Y7N0,-0.0286406,0.844845
Q02196,-0.346439,0.705436
Q9P7G9,-0.454172,0.62901
P48582,-0.0178337,0.614091
O13783,-0.114242,0.617573
P26448,0.0801,0.714978
P36618,-0.13959,0.830368
O42993,-0.319,0.483492
P20081,-0.145421,0.5509
Q9UT57,-0.298265,0.491441
P40558,-0.218278,0.739276
O74175,-0.142689,0.530126
Q12690,0.0427606,0.645136
O43053,-0.27514,0.507918
Q12001,-0.479407,0.717871
Q9P7N1,-0.140431,0.527354
P53323,-0.246161,0.76805
Q09743,-0.0897814,0.591374
P40061,-0.274197,0.531082
Q10366,0.0189957,0.5716
P39104,-0.0889585,0.539641
P20485,-0.128432,0.540137
Q10276,0.0349392,0.726388
Q9USY3,-0.368618,0.673688
Q02197,0.039397,0.710235
O74362,-0.123743,0.660949
P53743,-0.440504,0.767433
Q10232,0.12146,0.600251
P51401,-0.147648,0.651781
P0C0X0,-0.331094,0.727147
P0CT80,-0.216229,0.682964
Q02776,-0.161999,0.572201
O13636,-0.105251,0.579219
Q08760,-0.0592677,0.693897
Q9P7S8,-0.267233,0.658313
P36007,-0.120594,0.534324
O59791,0.124827,0.59281
Q02159,-0.0517969,0.876299
O00102,-0.179535,0.524162
P21243,-0.32733,0.473442
O94517,0.0608394,0.5664
Q12125,-0.35568,0.686046
O74432,-0.279346,0.491879
P79064,-0.445032,0.778272
Q06624,-0.32033,0.489996
O59711,-0.127505,0.560558
P38999,-0.284668,0.825433
O60097,-0.12757,0.840946
P38915,-0.222011,0.730195
O74738,0.0708809,0.601206
Q08961,0.0692675,0.582483
Q03201,-0.278532,0.811929
O60186,-0.304272,0.555383
P07273,-0.37868,0.797683
P49373,-0.314297,0.715089
P43621,-0.235369,0.796973
O74496,-0.128315,0.701015
Q9US51,-0.239347,0.547449
P14908,-0.13708,0.762004
O14072,0.0108512,0.756756
P39986,-0.135559,0.725811
P42942,-0.256578,0.811907
O94362,-0.342594,0.719413
P15801,-0.0546885,0.551248
Q12704,-0.204439,0.696916
P22214,0.0485394,0.604916
Q9Y7L0,-0.0131674,0.552967
O94330,-0.47626,0.700577
P40360,-0.302976,0.69639
P38625,-0.345196,0.683013
Q9P772,-0.0132894,0.826759
Q03327,-0.00986949,0.812624
Q9UTF8,-0.203015,0.647736
Q9UT11,0.115035,0.587323
P40544,-0.146723,0.573975
P29952,-0.314597,0.478173
O43014,-0.223848,0.528949
P38992,-0.0787105,0.900208
O94298,0.0874103,0.722473
P40055,-0.262843,0.747974
Q9P4X3,-0.225728,0.65281
O94424,-0.482362,0.736862
P41896,-0.193283,0.851433
P52286,0.0463297,0.572174
Q9Y709,-0.259975,0.621494
O59683,0.0593415,0.713596
P25038,-0.219035,0.826845
Q06494,-0.429634,0.677228
O14295,-0.14451,0.719578
P40335,-0.171436,0.830744
Q10243,-0.205784,0.661857
P50520,-0.170772,0.554988
P22543,-0.195723,0.806596
O59761,-0.0690977,0.593022
Q08960,-0.07547,0.724852
Q05779,-0.200235,0.720979
O13850,-0.385897,0.606971
P19454,-0.364504,0.683799
P40231,-0.118781,0.535196
O59838,-0.256833,0.732967
P32589,-0.104024,0.533558
P78825,-0.0961398,0.79395
P47143,-0.142506,0.650387
O74956,-0.23839,0.501204
Q03799,-0.0741039,0.541059
P36142,-0.238,0.782774
Q09906,-0.178644,0.519981
O74173,-0.304687,0.733298
P32471,0.0574296,0.672026
P11491,-0.348147,0.536659
O60109,-0.375972,0.477514
